student_id,student_name,category,priority,related_metric,current_value,improvement_target,reason,suggested_action
STU1001,Karthik Sharma,Interview Preparation,Medium,mock_interview_score,66.3/100,>= 75.0/100 in Next Mock Round,Mock interview feedback indicates need for sharper communication and project articulation.,"Practice explaining your major projects using the STAR method (Situation, Task, Action, Result). Conduct peer mock interviews twice a week."
STU1001,Karthik Sharma,Excellence & Leadership,Low,student_success_score,73.6/100,Mentorship & Tier-1 Competitive Placement,Exemplary academic and placement standing across all core performance dimensions.,"Serve as a peer mentor in junior study circles, lead a team in national hackathons (e.g. Smart India Hackathon), and prepare for dream company off-campus hiring drives."
STU1002,Surya Kumar,Attendance Recovery,High,overall_attendance_percentage,74.51% (152/204 classes),>= 75.00% (attend next 4 consecutive classes without absence),Current attendance is below the mandatory 75% institutional requirement. 3 subject(s) are at risk of exam debarment.,Maintain 100% attendance over the next 4 scheduled lectures. Submit medical or leave certificates for excused prior absences to academic dean.
STU1003,Rishi Nair,Academic Clearance,High,backlogs,1 active backlog(s),0 active backlogs (clear in upcoming remedial exams),Active backlogs (1) restrict company placement eligibility and degree progression.,"Enroll in university remedial coaching for uncleared subjects, meet faculty advisors weekly, and allocate 6 dedicated hours per week to backlog coursework."
STU1003,Rishi Nair,Attendance Recovery,High,overall_attendance_percentage,71.08% (145/204 classes),>= 75.00% (attend next 32 consecutive classes without absence),Current attendance is below the mandatory 75% institutional requirement. 3 subject(s) are at risk of exam debarment.,Maintain 100% attendance over the next 32 scheduled lectures. Submit medical or leave certificates for excused prior absences to academic dean.
STU1003,Rishi Nair,LMS Coursework,High,assignment_completion_percentage,50.00% (6/12 completed),>= 85.00% (submit remaining 6 assignments),6 unsubmitted assignments are negatively impacting your internal assessment scores.,"Access the LMS portal, complete overdue assignments during faculty review hours, and set weekly calendar reminders for submission deadlines."
STU1003,Rishi Nair,Coding & Algorithms,High,coding_score,57.6/100,>= 75.0/100 (solve 30 medium DSA problems),Technical recruitment screens require strong data structures and algorithmic implementation speed.,"Practice 1-2 coding problems daily on LeetCode/HackerRank focusing on Arrays, Strings, Hashing, and Binary Search. Participate in weekly campus coding contests."
STU1003,Rishi Nair,Aptitude & Reasoning,High,aptitude_score,50.9/100,>= 75.0/100,Campus placement round 1 relies on strict quantitative and logical aptitude cutoffs.,"Complete daily 20-minute timed speed math and logical reasoning quizzes on the campus placement portal. Review high-frequency topics: Percentages, Profit & Loss, Ratios, and Syllogisms."
STU1003,Rishi Nair,Interview Preparation,Medium,mock_interview_score,58.7/100,>= 75.0/100 in Next Mock Round,Mock interview feedback indicates need for sharper communication and project articulation.,"Practice explaining your major projects using the STAR method (Situation, Task, Action, Result). Conduct peer mock interviews twice a week."
STU1003,Rishi Nair,Soft Skills & Communication,Medium,soft_skill_score,62.9/100,>= 75.0/100,Interpersonal and presentation skill scores require enhancement for corporate HR rounds.,Join the campus Toastmasters / Debate Club and participate in group discussions during weekly communication labs.
STU1003,Rishi Nair,Industry Certification,Low,certifications_count,0 certifications,Earn 1 verified industry certificate,"Industry credentials in cloud, AI, or full-stack technologies validate specialized domain proficiency.","Enroll in a subsidized AWS, Google Cloud, or Coursera specialization via the campus learning portal."
STU1004,Janani Sengupta,Interview Preparation,Medium,mock_interview_score,65.8/100,>= 75.0/100 in Next Mock Round,Mock interview feedback indicates need for sharper communication and project articulation.,"Practice explaining your major projects using the STAR method (Situation, Task, Action, Result). Conduct peer mock interviews twice a week."
STU1004,Janani Sengupta,Excellence & Leadership,Low,student_success_score,71.8/100,Mentorship & Tier-1 Competitive Placement,Exemplary academic and placement standing across all core performance dimensions.,"Serve as a peer mentor in junior study circles, lead a team in national hackathons (e.g. Smart India Hackathon), and prepare for dream company off-campus hiring drives."
STU1005,Harini Chopra,Excellence & Leadership,Low,student_success_score,93.5/100,Mentorship & Tier-1 Competitive Placement,Exemplary academic and placement standing across all core performance dimensions.,"Serve as a peer mentor in junior study circles, lead a team in national hackathons (e.g. Smart India Hackathon), and prepare for dream company off-campus hiring drives."
STU1006,Manish Verma,Excellence & Leadership,Low,student_success_score,90.1/100,Mentorship & Tier-1 Competitive Placement,Exemplary academic and placement standing across all core performance dimensions.,"Serve as a peer mentor in junior study circles, lead a team in national hackathons (e.g. Smart India Hackathon), and prepare for dream company off-campus hiring drives."
STU1007,Ananya Patel,Excellence & Leadership,Low,student_success_score,92.8/100,Mentorship & Tier-1 Competitive Placement,Exemplary academic and placement standing across all core performance dimensions.,"Serve as a peer mentor in junior study circles, lead a team in national hackathons (e.g. Smart India Hackathon), and prepare for dream company off-campus hiring drives."
STU1008,Rhea Kumar,Attendance Recovery,Critical,overall_attendance_percentage,55.45% (112/202 classes),>= 75.00% (attend next 158 consecutive classes without absence),Current attendance is below the mandatory 75% institutional requirement. 4 subject(s) are at risk of exam debarment.,Maintain 100% attendance over the next 158 scheduled lectures. Submit medical or leave certificates for excused prior absences to academic dean.
STU1008,Rhea Kumar,LMS Coursework,Critical,assignment_completion_percentage,41.67% (5/12 completed),>= 85.00% (submit remaining 7 assignments),7 unsubmitted assignments are negatively impacting your internal assessment scores.,"Access the LMS portal, complete overdue assignments during faculty review hours, and set weekly calendar reminders for submission deadlines."
STU1008,Rhea Kumar,Coding & Algorithms,Critical,coding_score,47.4/100,>= 75.0/100 (solve 30 medium DSA problems),Technical recruitment screens require strong data structures and algorithmic implementation speed.,"Practice 1-2 coding problems daily on LeetCode/HackerRank focusing on Arrays, Strings, Hashing, and Binary Search. Participate in weekly campus coding contests."
STU1008,Rhea Kumar,Academic Clearance,High,backlogs,1 active backlog(s),0 active backlogs (clear in upcoming remedial exams),Active backlogs (1) restrict company placement eligibility and degree progression.,"Enroll in university remedial coaching for uncleared subjects, meet faculty advisors weekly, and allocate 6 dedicated hours per week to backlog coursework."
STU1008,Rhea Kumar,Aptitude & Reasoning,High,aptitude_score,44.7/100,>= 75.0/100,Campus placement round 1 relies on strict quantitative and logical aptitude cutoffs.,"Complete daily 20-minute timed speed math and logical reasoning quizzes on the campus placement portal. Review high-frequency topics: Percentages, Profit & Loss, Ratios, and Syllogisms."
STU1008,Rhea Kumar,Placement Assessment Scheduling,High,mock_interview_score,Pending Evaluation,Complete 1 Diagnostic Mock Interview,You have not yet attended your scheduled diagnostic mock interview with placement mentors.,"Book an interview slot with the career cell this week to receive baseline feedback on resume presentation, communication, and system design."
STU1008,Rhea Kumar,Soft Skills & Communication,Medium,soft_skill_score,49.7/100,>= 75.0/100,Interpersonal and presentation skill scores require enhancement for corporate HR rounds.,Join the campus Toastmasters / Debate Club and participate in group discussions during weekly communication labs.
STU1008,Rhea Kumar,Campus Engagement,Medium,engagement_score,"0 clubs, 0 hackathons",Join 1 technical club & register for 1 hackathon,Lack of extracurricular and collaborative activities weakens resume differentiation for tier-1 companies.,Register for the upcoming internal Smart Campus Hackathon and sign up for a department technical club.
STU1009,Ananya Bhat,Coding & Algorithms,High,coding_score,69.3/100,>= 75.0/100 (solve 30 medium DSA problems),Technical recruitment screens require strong data structures and algorithmic implementation speed.,"Practice 1-2 coding problems daily on LeetCode/HackerRank focusing on Arrays, Strings, Hashing, and Binary Search. Participate in weekly campus coding contests."
STU1010,Priya Das,Academic Clearance,Critical,backlogs,2 active backlog(s),0 active backlogs (clear in upcoming remedial exams),Active backlogs (2) restrict company placement eligibility and degree progression.,"Enroll in university remedial coaching for uncleared subjects, meet faculty advisors weekly, and allocate 6 dedicated hours per week to backlog coursework."
STU1010,Priya Das,Attendance Recovery,High,overall_attendance_percentage,72.90% (156/214 classes),>= 75.00% (attend next 18 consecutive classes without absence),Current attendance is below the mandatory 75% institutional requirement. 3 subject(s) are at risk of exam debarment.,Maintain 100% attendance over the next 18 scheduled lectures. Submit medical or leave certificates for excused prior absences to academic dean.
STU1010,Priya Das,LMS Coursework,High,assignment_completion_percentage,50.00% (6/12 completed),>= 85.00% (submit remaining 6 assignments),6 unsubmitted assignments are negatively impacting your internal assessment scores.,"Access the LMS portal, complete overdue assignments during faculty review hours, and set weekly calendar reminders for submission deadlines."
STU1010,Priya Das,Coding & Algorithms,High,coding_score,51.0/100,>= 75.0/100 (solve 30 medium DSA problems),Technical recruitment screens require strong data structures and algorithmic implementation speed.,"Practice 1-2 coding problems daily on LeetCode/HackerRank focusing on Arrays, Strings, Hashing, and Binary Search. Participate in weekly campus coding contests."
STU1010,Priya Das,Aptitude & Reasoning,High,aptitude_score,51.3/100,>= 75.0/100,Campus placement round 1 relies on strict quantitative and logical aptitude cutoffs.,"Complete daily 20-minute timed speed math and logical reasoning quizzes on the campus placement portal. Review high-frequency topics: Percentages, Profit & Loss, Ratios, and Syllogisms."
STU1010,Priya Das,Interview Preparation,High,mock_interview_score,53.5/100,>= 75.0/100 in Next Mock Round,Mock interview feedback indicates need for sharper communication and project articulation.,"Practice explaining your major projects using the STAR method (Situation, Task, Action, Result). Conduct peer mock interviews twice a week."
STU1011,Keerthi Kumar,Excellence & Leadership,Low,student_success_score,90.7/100,Mentorship & Tier-1 Competitive Placement,Exemplary academic and placement standing across all core performance dimensions.,"Serve as a peer mentor in junior study circles, lead a team in national hackathons (e.g. Smart India Hackathon), and prepare for dream company off-campus hiring drives."
STU1012,Raghav Chopra,Academic Clearance,High,backlogs,1 active backlog(s),0 active backlogs (clear in upcoming remedial exams),Active backlogs (1) restrict company placement eligibility and degree progression.,"Enroll in university remedial coaching for uncleared subjects, meet faculty advisors weekly, and allocate 6 dedicated hours per week to backlog coursework."
STU1012,Raghav Chopra,LMS Coursework,High,assignment_completion_percentage,66.67% (8/12 completed),>= 85.00% (submit remaining 4 assignments),4 unsubmitted assignments are negatively impacting your internal assessment scores.,"Access the LMS portal, complete overdue assignments during faculty review hours, and set weekly calendar reminders for submission deadlines."
STU1012,Raghav Chopra,Attendance Buffer,Medium,overall_attendance_percentage,79.08%,>= 85.00%,"Attendance is marginally above the 75% cutoff, leaving little margin for unforeseen illness or emergencies.",Avoid non-essential leaves and build an attendance buffer above 85%.
STU1013,Surya Narayanan,Academic Clearance,High,backlogs,1 active backlog(s),0 active backlogs (clear in upcoming remedial exams),Active backlogs (1) restrict company placement eligibility and degree progression.,"Enroll in university remedial coaching for uncleared subjects, meet faculty advisors weekly, and allocate 6 dedicated hours per week to backlog coursework."
STU1013,Surya Narayanan,LMS Coursework,High,assignment_completion_percentage,50.00% (6/12 completed),>= 85.00% (submit remaining 6 assignments),6 unsubmitted assignments are negatively impacting your internal assessment scores.,"Access the LMS portal, complete overdue assignments during faculty review hours, and set weekly calendar reminders for submission deadlines."
STU1013,Surya Narayanan,Coding & Algorithms,High,coding_score,56.6/100,>= 75.0/100 (solve 30 medium DSA problems),Technical recruitment screens require strong data structures and algorithmic implementation speed.,"Practice 1-2 coding problems daily on LeetCode/HackerRank focusing on Arrays, Strings, Hashing, and Binary Search. Participate in weekly campus coding contests."
STU1013,Surya Narayanan,Attendance Buffer,Medium,overall_attendance_percentage,76.00%,>= 85.00%,"Attendance is marginally above the 75% cutoff, leaving little margin for unforeseen illness or emergencies.",Avoid non-essential leaves and build an attendance buffer above 85%.
STU1013,Surya Narayanan,Aptitude & Reasoning,Medium,aptitude_score,60.0/100,>= 75.0/100,Campus placement round 1 relies on strict quantitative and logical aptitude cutoffs.,"Complete daily 20-minute timed speed math and logical reasoning quizzes on the campus placement portal. Review high-frequency topics: Percentages, Profit & Loss, Ratios, and Syllogisms."
STU1013,Surya Narayanan,Interview Preparation,Medium,mock_interview_score,56.7/100,>= 75.0/100 in Next Mock Round,Mock interview feedback indicates need for sharper communication and project articulation.,"Practice explaining your major projects using the STAR method (Situation, Task, Action, Result). Conduct peer mock interviews twice a week."
STU1013,Surya Narayanan,Soft Skills & Communication,Medium,soft_skill_score,61.6/100,>= 75.0/100,Interpersonal and presentation skill scores require enhancement for corporate HR rounds.,Join the campus Toastmasters / Debate Club and participate in group discussions during weekly communication labs.
STU1014,Aarav Swaminathan,Coding & Algorithms,High,coding_score,69.4/100,>= 75.0/100 (solve 30 medium DSA problems),Technical recruitment screens require strong data structures and algorithmic implementation speed.,"Practice 1-2 coding problems daily on LeetCode/HackerRank focusing on Arrays, Strings, Hashing, and Binary Search. Participate in weekly campus coding contests."
STU1015,Naveen Das,Excellence & Leadership,Low,student_success_score,89.0/100,Mentorship & Tier-1 Competitive Placement,Exemplary academic and placement standing across all core performance dimensions.,"Serve as a peer mentor in junior study circles, lead a team in national hackathons (e.g. Smart India Hackathon), and prepare for dream company off-campus hiring drives."
STU1016,Manish Pillai,Excellence & Leadership,Low,student_success_score,94.0/100,Mentorship & Tier-1 Competitive Placement,Exemplary academic and placement standing across all core performance dimensions.,"Serve as a peer mentor in junior study circles, lead a team in national hackathons (e.g. Smart India Hackathon), and prepare for dream company off-campus hiring drives."
STU1017,Surya Nair,Excellence & Leadership,Low,student_success_score,73.9/100,Mentorship & Tier-1 Competitive Placement,Exemplary academic and placement standing across all core performance dimensions.,"Serve as a peer mentor in junior study circles, lead a team in national hackathons (e.g. Smart India Hackathon), and prepare for dream company off-campus hiring drives."
STU1018,Rhea Swaminathan,Excellence & Leadership,Low,student_success_score,76.5/100,Mentorship & Tier-1 Competitive Placement,Exemplary academic and placement standing across all core performance dimensions.,"Serve as a peer mentor in junior study circles, lead a team in national hackathons (e.g. Smart India Hackathon), and prepare for dream company off-campus hiring drives."
STU1019,Amrita Reddy,Excellence & Leadership,Low,student_success_score,75.3/100,Mentorship & Tier-1 Competitive Placement,Exemplary academic and placement standing across all core performance dimensions.,"Serve as a peer mentor in junior study circles, lead a team in national hackathons (e.g. Smart India Hackathon), and prepare for dream company off-campus hiring drives."
STU1020,Harini Deshmukh,Excellence & Leadership,Low,student_success_score,75.0/100,Mentorship & Tier-1 Competitive Placement,Exemplary academic and placement standing across all core performance dimensions.,"Serve as a peer mentor in junior study circles, lead a team in national hackathons (e.g. Smart India Hackathon), and prepare for dream company off-campus hiring drives."
STU1021,Ishaan Gupta,Excellence & Leadership,Low,student_success_score,76.2/100,Mentorship & Tier-1 Competitive Placement,Exemplary academic and placement standing across all core performance dimensions.,"Serve as a peer mentor in junior study circles, lead a team in national hackathons (e.g. Smart India Hackathon), and prepare for dream company off-campus hiring drives."
STU1022,Anirudh Mehta,Excellence & Leadership,Low,student_success_score,91.7/100,Mentorship & Tier-1 Competitive Placement,Exemplary academic and placement standing across all core performance dimensions.,"Serve as a peer mentor in junior study circles, lead a team in national hackathons (e.g. Smart India Hackathon), and prepare for dream company off-campus hiring drives."
STU1023,Siddharth Narayanan,Attendance Buffer,Medium,overall_attendance_percentage,78.16%,>= 85.00%,"Attendance is marginally above the 75% cutoff, leaving little margin for unforeseen illness or emergencies.",Avoid non-essential leaves and build an attendance buffer above 85%.
STU1023,Siddharth Narayanan,Interview Preparation,Medium,mock_interview_score,67.6/100,>= 75.0/100 in Next Mock Round,Mock interview feedback indicates need for sharper communication and project articulation.,"Practice explaining your major projects using the STAR method (Situation, Task, Action, Result). Conduct peer mock interviews twice a week."
STU1023,Siddharth Narayanan,Excellence & Leadership,Low,student_success_score,75.3/100,Mentorship & Tier-1 Competitive Placement,Exemplary academic and placement standing across all core performance dimensions.,"Serve as a peer mentor in junior study circles, lead a team in national hackathons (e.g. Smart India Hackathon), and prepare for dream company off-campus hiring drives."
STU1024,Bhavya Rajan,Coding & Algorithms,High,coding_score,68.8/100,>= 75.0/100 (solve 30 medium DSA problems),Technical recruitment screens require strong data structures and algorithmic implementation speed.,"Practice 1-2 coding problems daily on LeetCode/HackerRank focusing on Arrays, Strings, Hashing, and Binary Search. Participate in weekly campus coding contests."
STU1024,Bhavya Rajan,Placement Assessment Scheduling,High,mock_interview_score,Pending Evaluation,Complete 1 Diagnostic Mock Interview,You have not yet attended your scheduled diagnostic mock interview with placement mentors.,"Book an interview slot with the career cell this week to receive baseline feedback on resume presentation, communication, and system design."
STU1024,Bhavya Rajan,Attendance Buffer,Medium,overall_attendance_percentage,75.25%,>= 85.00%,"Attendance is marginally above the 75% cutoff, leaving little margin for unforeseen illness or emergencies.",Avoid non-essential leaves and build an attendance buffer above 85%.
STU1025,Sangeetha Bhat,Excellence & Leadership,Low,student_success_score,74.7/100,Mentorship & Tier-1 Competitive Placement,Exemplary academic and placement standing across all core performance dimensions.,"Serve as a peer mentor in junior study circles, lead a team in national hackathons (e.g. Smart India Hackathon), and prepare for dream company off-campus hiring drives."
STU1026,Kavya Chatterjee,Attendance Recovery,High,overall_attendance_percentage,69.61% (142/204 classes),>= 75.00% (attend next 44 consecutive classes without absence),Current attendance is below the mandatory 75% institutional requirement. 3 subject(s) are at risk of exam debarment.,Maintain 100% attendance over the next 44 scheduled lectures. Submit medical or leave certificates for excused prior absences to academic dean.
STU1026,Kavya Chatterjee,LMS Coursework,High,assignment_completion_percentage,66.67% (8/12 completed),>= 85.00% (submit remaining 4 assignments),4 unsubmitted assignments are negatively impacting your internal assessment scores.,"Access the LMS portal, complete overdue assignments during faculty review hours, and set weekly calendar reminders for submission deadlines."
STU1026,Kavya Chatterjee,Coding & Algorithms,High,coding_score,52.4/100,>= 75.0/100 (solve 30 medium DSA problems),Technical recruitment screens require strong data structures and algorithmic implementation speed.,"Practice 1-2 coding problems daily on LeetCode/HackerRank focusing on Arrays, Strings, Hashing, and Binary Search. Participate in weekly campus coding contests."
STU1026,Kavya Chatterjee,Aptitude & Reasoning,High,aptitude_score,51.7/100,>= 75.0/100,Campus placement round 1 relies on strict quantitative and logical aptitude cutoffs.,"Complete daily 20-minute timed speed math and logical reasoning quizzes on the campus placement portal. Review high-frequency topics: Percentages, Profit & Loss, Ratios, and Syllogisms."
STU1026,Kavya Chatterjee,Interview Preparation,Medium,mock_interview_score,61.6/100,>= 75.0/100 in Next Mock Round,Mock interview feedback indicates need for sharper communication and project articulation.,"Practice explaining your major projects using the STAR method (Situation, Task, Action, Result). Conduct peer mock interviews twice a week."
STU1026,Kavya Chatterjee,Soft Skills & Communication,Medium,soft_skill_score,64.5/100,>= 75.0/100,Interpersonal and presentation skill scores require enhancement for corporate HR rounds.,Join the campus Toastmasters / Debate Club and participate in group discussions during weekly communication labs.
STU1026,Kavya Chatterjee,Campus Engagement,Medium,engagement_score,"0 clubs, 0 hackathons",Join 1 technical club & register for 1 hackathon,Lack of extracurricular and collaborative activities weakens resume differentiation for tier-1 companies.,Register for the upcoming internal Smart Campus Hackathon and sign up for a department technical club.
STU1027,Dinesh Patel,Excellence & Leadership,Low,student_success_score,92.5/100,Mentorship & Tier-1 Competitive Placement,Exemplary academic and placement standing across all core performance dimensions.,"Serve as a peer mentor in junior study circles, lead a team in national hackathons (e.g. Smart India Hackathon), and prepare for dream company off-campus hiring drives."
STU1028,Tarun Shetty,Excellence & Leadership,Low,student_success_score,74.0/100,Mentorship & Tier-1 Competitive Placement,Exemplary academic and placement standing across all core performance dimensions.,"Serve as a peer mentor in junior study circles, lead a team in national hackathons (e.g. Smart India Hackathon), and prepare for dream company off-campus hiring drives."
STU1029,Ashwin Chopra,Interview Preparation,Medium,mock_interview_score,69.6/100,>= 75.0/100 in Next Mock Round,Mock interview feedback indicates need for sharper communication and project articulation.,"Practice explaining your major projects using the STAR method (Situation, Task, Action, Result). Conduct peer mock interviews twice a week."
STU1029,Ashwin Chopra,Excellence & Leadership,Low,student_success_score,75.4/100,Mentorship & Tier-1 Competitive Placement,Exemplary academic and placement standing across all core performance dimensions.,"Serve as a peer mentor in junior study circles, lead a team in national hackathons (e.g. Smart India Hackathon), and prepare for dream company off-campus hiring drives."
STU1030,Pranav Das,Excellence & Leadership,Low,student_success_score,91.2/100,Mentorship & Tier-1 Competitive Placement,Exemplary academic and placement standing across all core performance dimensions.,"Serve as a peer mentor in junior study circles, lead a team in national hackathons (e.g. Smart India Hackathon), and prepare for dream company off-campus hiring drives."
STU1031,Dev Verma,Interview Preparation,Medium,mock_interview_score,67.0/100,>= 75.0/100 in Next Mock Round,Mock interview feedback indicates need for sharper communication and project articulation.,"Practice explaining your major projects using the STAR method (Situation, Task, Action, Result). Conduct peer mock interviews twice a week."
STU1031,Dev Verma,Excellence & Leadership,Low,student_success_score,73.8/100,Mentorship & Tier-1 Competitive Placement,Exemplary academic and placement standing across all core performance dimensions.,"Serve as a peer mentor in junior study circles, lead a team in national hackathons (e.g. Smart India Hackathon), and prepare for dream company off-campus hiring drives."
STU1032,Rohan Swaminathan,Excellence & Leadership,Low,student_success_score,93.8/100,Mentorship & Tier-1 Competitive Placement,Exemplary academic and placement standing across all core performance dimensions.,"Serve as a peer mentor in junior study circles, lead a team in national hackathons (e.g. Smart India Hackathon), and prepare for dream company off-campus hiring drives."
STU1033,Tarun Patel,Excellence & Leadership,Low,student_success_score,92.2/100,Mentorship & Tier-1 Competitive Placement,Exemplary academic and placement standing across all core performance dimensions.,"Serve as a peer mentor in junior study circles, lead a team in national hackathons (e.g. Smart India Hackathon), and prepare for dream company off-campus hiring drives."
STU1034,Rohan Gowda,Academic Clearance,Critical,backlogs,2 active backlog(s),0 active backlogs (clear in upcoming remedial exams),Active backlogs (2) restrict company placement eligibility and degree progression.,"Enroll in university remedial coaching for uncleared subjects, meet faculty advisors weekly, and allocate 6 dedicated hours per week to backlog coursework."
STU1034,Rohan Gowda,Attendance Recovery,Critical,overall_attendance_percentage,51.00% (102/200 classes),>= 75.00% (attend next 192 consecutive classes without absence),Current attendance is below the mandatory 75% institutional requirement. 4 subject(s) are at risk of exam debarment.,Maintain 100% attendance over the next 192 scheduled lectures. Submit medical or leave certificates for excused prior absences to academic dean.
STU1034,Rohan Gowda,LMS Coursework,Critical,assignment_completion_percentage,25.00% (3/12 completed),>= 85.00% (submit remaining 9 assignments),9 unsubmitted assignments are negatively impacting your internal assessment scores.,"Access the LMS portal, complete overdue assignments during faculty review hours, and set weekly calendar reminders for submission deadlines."
STU1034,Rohan Gowda,Coding & Algorithms,Critical,coding_score,31.0/100,>= 75.0/100 (solve 30 medium DSA problems),Technical recruitment screens require strong data structures and algorithmic implementation speed.,"Practice 1-2 coding problems daily on LeetCode/HackerRank focusing on Arrays, Strings, Hashing, and Binary Search. Participate in weekly campus coding contests."
STU1034,Rohan Gowda,Aptitude & Reasoning,High,aptitude_score,38.3/100,>= 75.0/100,Campus placement round 1 relies on strict quantitative and logical aptitude cutoffs.,"Complete daily 20-minute timed speed math and logical reasoning quizzes on the campus placement portal. Review high-frequency topics: Percentages, Profit & Loss, Ratios, and Syllogisms."
STU1034,Rohan Gowda,Interview Preparation,High,mock_interview_score,49.4/100,>= 75.0/100 in Next Mock Round,Mock interview feedback indicates need for sharper communication and project articulation.,"Practice explaining your major projects using the STAR method (Situation, Task, Action, Result). Conduct peer mock interviews twice a week."
STU1034,Rohan Gowda,Soft Skills & Communication,Medium,soft_skill_score,50.8/100,>= 75.0/100,Interpersonal and presentation skill scores require enhancement for corporate HR rounds.,Join the campus Toastmasters / Debate Club and participate in group discussions during weekly communication labs.
STU1034,Rohan Gowda,Campus Engagement,Medium,engagement_score,"0 clubs, 0 hackathons",Join 1 technical club & register for 1 hackathon,Lack of extracurricular and collaborative activities weakens resume differentiation for tier-1 companies.,Register for the upcoming internal Smart Campus Hackathon and sign up for a department technical club.
STU1035,Ishaan Deshmukh,Attendance Recovery,High,overall_attendance_percentage,73.53% (150/204 classes),>= 75.00% (attend next 12 consecutive classes without absence),Current attendance is below the mandatory 75% institutional requirement. 2 subject(s) are at risk of exam debarment.,Maintain 100% attendance over the next 12 scheduled lectures. Submit medical or leave certificates for excused prior absences to academic dean.
STU1036,Surya Bose,Academic Clearance,High,backlogs,1 active backlog(s),0 active backlogs (clear in upcoming remedial exams),Active backlogs (1) restrict company placement eligibility and degree progression.,"Enroll in university remedial coaching for uncleared subjects, meet faculty advisors weekly, and allocate 6 dedicated hours per week to backlog coursework."
STU1036,Surya Bose,Attendance Recovery,High,overall_attendance_percentage,74.75% (151/202 classes),>= 75.00% (attend next 2 consecutive classes without absence),Current attendance is below the mandatory 75% institutional requirement. 2 subject(s) are at risk of exam debarment.,Maintain 100% attendance over the next 2 scheduled lectures. Submit medical or leave certificates for excused prior absences to academic dean.
STU1036,Surya Bose,Coding & Algorithms,High,coding_score,52.4/100,>= 75.0/100 (solve 30 medium DSA problems),Technical recruitment screens require strong data structures and algorithmic implementation speed.,"Practice 1-2 coding problems daily on LeetCode/HackerRank focusing on Arrays, Strings, Hashing, and Binary Search. Participate in weekly campus coding contests."
STU1036,Surya Bose,Interview Preparation,High,mock_interview_score,52.5/100,>= 75.0/100 in Next Mock Round,Mock interview feedback indicates need for sharper communication and project articulation.,"Practice explaining your major projects using the STAR method (Situation, Task, Action, Result). Conduct peer mock interviews twice a week."
STU1036,Surya Bose,Aptitude & Reasoning,Medium,aptitude_score,64.8/100,>= 75.0/100,Campus placement round 1 relies on strict quantitative and logical aptitude cutoffs.,"Complete daily 20-minute timed speed math and logical reasoning quizzes on the campus placement portal. Review high-frequency topics: Percentages, Profit & Loss, Ratios, and Syllogisms."
STU1036,Surya Bose,Soft Skills & Communication,Medium,soft_skill_score,57.0/100,>= 75.0/100,Interpersonal and presentation skill scores require enhancement for corporate HR rounds.,Join the campus Toastmasters / Debate Club and participate in group discussions during weekly communication labs.
STU1036,Surya Bose,Campus Engagement,Medium,engagement_score,"0 clubs, 0 hackathons",Join 1 technical club & register for 1 hackathon,Lack of extracurricular and collaborative activities weakens resume differentiation for tier-1 companies.,Register for the upcoming internal Smart Campus Hackathon and sign up for a department technical club.
STU1037,Ashwin Iyer,Attendance Buffer,Medium,overall_attendance_percentage,75.00%,>= 85.00%,"Attendance is marginally above the 75% cutoff, leaving little margin for unforeseen illness or emergencies.",Avoid non-essential leaves and build an attendance buffer above 85%.
STU1037,Ashwin Iyer,Interview Preparation,Medium,mock_interview_score,67.0/100,>= 75.0/100 in Next Mock Round,Mock interview feedback indicates need for sharper communication and project articulation.,"Practice explaining your major projects using the STAR method (Situation, Task, Action, Result). Conduct peer mock interviews twice a week."
STU1037,Ashwin Iyer,Excellence & Leadership,Low,student_success_score,73.1/100,Mentorship & Tier-1 Competitive Placement,Exemplary academic and placement standing across all core performance dimensions.,"Serve as a peer mentor in junior study circles, lead a team in national hackathons (e.g. Smart India Hackathon), and prepare for dream company off-campus hiring drives."
STU1038,Chaithra Gupta,Excellence & Leadership,Low,student_success_score,93.6/100,Mentorship & Tier-1 Competitive Placement,Exemplary academic and placement standing across all core performance dimensions.,"Serve as a peer mentor in junior study circles, lead a team in national hackathons (e.g. Smart India Hackathon), and prepare for dream company off-campus hiring drives."
STU1039,Rahul Sengupta,Academic Clearance,High,backlogs,1 active backlog(s),0 active backlogs (clear in upcoming remedial exams),Active backlogs (1) restrict company placement eligibility and degree progression.,"Enroll in university remedial coaching for uncleared subjects, meet faculty advisors weekly, and allocate 6 dedicated hours per week to backlog coursework."
STU1039,Rahul Sengupta,Attendance Recovery,High,overall_attendance_percentage,67.79% (141/208 classes),>= 75.00% (attend next 60 consecutive classes without absence),Current attendance is below the mandatory 75% institutional requirement. 4 subject(s) are at risk of exam debarment.,Maintain 100% attendance over the next 60 scheduled lectures. Submit medical or leave certificates for excused prior absences to academic dean.
STU1039,Rahul Sengupta,LMS Coursework,High,assignment_completion_percentage,50.00% (6/12 completed),>= 85.00% (submit remaining 6 assignments),6 unsubmitted assignments are negatively impacting your internal assessment scores.,"Access the LMS portal, complete overdue assignments during faculty review hours, and set weekly calendar reminders for submission deadlines."
STU1039,Rahul Sengupta,Coding & Algorithms,High,coding_score,59.5/100,>= 75.0/100 (solve 30 medium DSA problems),Technical recruitment screens require strong data structures and algorithmic implementation speed.,"Practice 1-2 coding problems daily on LeetCode/HackerRank focusing on Arrays, Strings, Hashing, and Binary Search. Participate in weekly campus coding contests."
STU1039,Rahul Sengupta,Aptitude & Reasoning,Medium,aptitude_score,57.1/100,>= 75.0/100,Campus placement round 1 relies on strict quantitative and logical aptitude cutoffs.,"Complete daily 20-minute timed speed math and logical reasoning quizzes on the campus placement portal. Review high-frequency topics: Percentages, Profit & Loss, Ratios, and Syllogisms."
STU1039,Rahul Sengupta,Interview Preparation,Medium,mock_interview_score,56.4/100,>= 75.0/100 in Next Mock Round,Mock interview feedback indicates need for sharper communication and project articulation.,"Practice explaining your major projects using the STAR method (Situation, Task, Action, Result). Conduct peer mock interviews twice a week."
STU1040,Sneha Das,Interview Preparation,Medium,mock_interview_score,68.2/100,>= 75.0/100 in Next Mock Round,Mock interview feedback indicates need for sharper communication and project articulation.,"Practice explaining your major projects using the STAR method (Situation, Task, Action, Result). Conduct peer mock interviews twice a week."
STU1040,Sneha Das,Excellence & Leadership,Low,student_success_score,76.7/100,Mentorship & Tier-1 Competitive Placement,Exemplary academic and placement standing across all core performance dimensions.,"Serve as a peer mentor in junior study circles, lead a team in national hackathons (e.g. Smart India Hackathon), and prepare for dream company off-campus hiring drives."
STU1041,Divya Mehta,Excellence & Leadership,Low,student_success_score,93.9/100,Mentorship & Tier-1 Competitive Placement,Exemplary academic and placement standing across all core performance dimensions.,"Serve as a peer mentor in junior study circles, lead a team in national hackathons (e.g. Smart India Hackathon), and prepare for dream company off-campus hiring drives."
STU1042,Neha Bhat,Coding & Algorithms,High,coding_score,66.8/100,>= 75.0/100 (solve 30 medium DSA problems),Technical recruitment screens require strong data structures and algorithmic implementation speed.,"Practice 1-2 coding problems daily on LeetCode/HackerRank focusing on Arrays, Strings, Hashing, and Binary Search. Participate in weekly campus coding contests."
STU1043,Sanjay Iyer,Excellence & Leadership,Low,student_success_score,91.8/100,Mentorship & Tier-1 Competitive Placement,Exemplary academic and placement standing across all core performance dimensions.,"Serve as a peer mentor in junior study circles, lead a team in national hackathons (e.g. Smart India Hackathon), and prepare for dream company off-campus hiring drives."
STU1044,Tejas Deshmukh,Academic Clearance,Critical,backlogs,2 active backlog(s),0 active backlogs (clear in upcoming remedial exams),Active backlogs (2) restrict company placement eligibility and degree progression.,"Enroll in university remedial coaching for uncleared subjects, meet faculty advisors weekly, and allocate 6 dedicated hours per week to backlog coursework."
STU1044,Tejas Deshmukh,Attendance Recovery,Critical,overall_attendance_percentage,60.89% (123/202 classes),>= 75.00% (attend next 114 consecutive classes without absence),Current attendance is below the mandatory 75% institutional requirement. 4 subject(s) are at risk of exam debarment.,Maintain 100% attendance over the next 114 scheduled lectures. Submit medical or leave certificates for excused prior absences to academic dean.
STU1044,Tejas Deshmukh,LMS Coursework,Critical,assignment_completion_percentage,41.67% (5/12 completed),>= 85.00% (submit remaining 7 assignments),7 unsubmitted assignments are negatively impacting your internal assessment scores.,"Access the LMS portal, complete overdue assignments during faculty review hours, and set weekly calendar reminders for submission deadlines."
STU1044,Tejas Deshmukh,Coding & Algorithms,Critical,coding_score,36.2/100,>= 75.0/100 (solve 30 medium DSA problems),Technical recruitment screens require strong data structures and algorithmic implementation speed.,"Practice 1-2 coding problems daily on LeetCode/HackerRank focusing on Arrays, Strings, Hashing, and Binary Search. Participate in weekly campus coding contests."
STU1044,Tejas Deshmukh,Aptitude & Reasoning,High,aptitude_score,39.7/100,>= 75.0/100,Campus placement round 1 relies on strict quantitative and logical aptitude cutoffs.,"Complete daily 20-minute timed speed math and logical reasoning quizzes on the campus placement portal. Review high-frequency topics: Percentages, Profit & Loss, Ratios, and Syllogisms."
STU1044,Tejas Deshmukh,Interview Preparation,High,mock_interview_score,38.7/100,>= 75.0/100 in Next Mock Round,Mock interview feedback indicates need for sharper communication and project articulation.,"Practice explaining your major projects using the STAR method (Situation, Task, Action, Result). Conduct peer mock interviews twice a week."
STU1044,Tejas Deshmukh,Soft Skills & Communication,Medium,soft_skill_score,35.7/100,>= 75.0/100,Interpersonal and presentation skill scores require enhancement for corporate HR rounds.,Join the campus Toastmasters / Debate Club and participate in group discussions during weekly communication labs.
STU1044,Tejas Deshmukh,Campus Engagement,Medium,engagement_score,"0 clubs, 0 hackathons",Join 1 technical club & register for 1 hackathon,Lack of extracurricular and collaborative activities weakens resume differentiation for tier-1 companies.,Register for the upcoming internal Smart Campus Hackathon and sign up for a department technical club.
STU1045,Sneha Chatterjee,Coding & Algorithms,High,coding_score,69.0/100,>= 75.0/100 (solve 30 medium DSA problems),Technical recruitment screens require strong data structures and algorithmic implementation speed.,"Practice 1-2 coding problems daily on LeetCode/HackerRank focusing on Arrays, Strings, Hashing, and Binary Search. Participate in weekly campus coding contests."
STU1045,Sneha Chatterjee,Placement Assessment Scheduling,High,mock_interview_score,Pending Evaluation,Complete 1 Diagnostic Mock Interview,You have not yet attended your scheduled diagnostic mock interview with placement mentors.,"Book an interview slot with the career cell this week to receive baseline feedback on resume presentation, communication, and system design."
STU1045,Sneha Chatterjee,Attendance Buffer,Medium,overall_attendance_percentage,78.64%,>= 85.00%,"Attendance is marginally above the 75% cutoff, leaving little margin for unforeseen illness or emergencies.",Avoid non-essential leaves and build an attendance buffer above 85%.
STU1046,Rishi Sengupta,Academic Clearance,High,backlogs,1 active backlog(s),0 active backlogs (clear in upcoming remedial exams),Active backlogs (1) restrict company placement eligibility and degree progression.,"Enroll in university remedial coaching for uncleared subjects, meet faculty advisors weekly, and allocate 6 dedicated hours per week to backlog coursework."
STU1046,Rishi Sengupta,Attendance Recovery,High,overall_attendance_percentage,70.87% (146/206 classes),>= 75.00% (attend next 34 consecutive classes without absence),Current attendance is below the mandatory 75% institutional requirement. 3 subject(s) are at risk of exam debarment.,Maintain 100% attendance over the next 34 scheduled lectures. Submit medical or leave certificates for excused prior absences to academic dean.
STU1046,Rishi Sengupta,Coding & Algorithms,High,coding_score,54.0/100,>= 75.0/100 (solve 30 medium DSA problems),Technical recruitment screens require strong data structures and algorithmic implementation speed.,"Practice 1-2 coding problems daily on LeetCode/HackerRank focusing on Arrays, Strings, Hashing, and Binary Search. Participate in weekly campus coding contests."
STU1046,Rishi Sengupta,Aptitude & Reasoning,Medium,aptitude_score,57.5/100,>= 75.0/100,Campus placement round 1 relies on strict quantitative and logical aptitude cutoffs.,"Complete daily 20-minute timed speed math and logical reasoning quizzes on the campus placement portal. Review high-frequency topics: Percentages, Profit & Loss, Ratios, and Syllogisms."
STU1046,Rishi Sengupta,Interview Preparation,Medium,mock_interview_score,57.2/100,>= 75.0/100 in Next Mock Round,Mock interview feedback indicates need for sharper communication and project articulation.,"Practice explaining your major projects using the STAR method (Situation, Task, Action, Result). Conduct peer mock interviews twice a week."
STU1046,Rishi Sengupta,Soft Skills & Communication,Medium,soft_skill_score,54.2/100,>= 75.0/100,Interpersonal and presentation skill scores require enhancement for corporate HR rounds.,Join the campus Toastmasters / Debate Club and participate in group discussions during weekly communication labs.
STU1046,Rishi Sengupta,Campus Engagement,Medium,engagement_score,"0 clubs, 0 hackathons",Join 1 technical club & register for 1 hackathon,Lack of extracurricular and collaborative activities weakens resume differentiation for tier-1 companies.,Register for the upcoming internal Smart Campus Hackathon and sign up for a department technical club.
STU1047,Yash Shetty,Coding & Algorithms,High,coding_score,67.1/100,>= 75.0/100 (solve 30 medium DSA problems),Technical recruitment screens require strong data structures and algorithmic implementation speed.,"Practice 1-2 coding problems daily on LeetCode/HackerRank focusing on Arrays, Strings, Hashing, and Binary Search. Participate in weekly campus coding contests."
STU1047,Yash Shetty,Aptitude & Reasoning,Medium,aptitude_score,68.6/100,>= 75.0/100,Campus placement round 1 relies on strict quantitative and logical aptitude cutoffs.,"Complete daily 20-minute timed speed math and logical reasoning quizzes on the campus placement portal. Review high-frequency topics: Percentages, Profit & Loss, Ratios, and Syllogisms."
STU1048,Deepa Kumar,Attendance Buffer,Medium,overall_attendance_percentage,79.90%,>= 85.00%,"Attendance is marginally above the 75% cutoff, leaving little margin for unforeseen illness or emergencies.",Avoid non-essential leaves and build an attendance buffer above 85%.
STU1048,Deepa Kumar,Interview Preparation,Medium,mock_interview_score,68.0/100,>= 75.0/100 in Next Mock Round,Mock interview feedback indicates need for sharper communication and project articulation.,"Practice explaining your major projects using the STAR method (Situation, Task, Action, Result). Conduct peer mock interviews twice a week."
STU1048,Deepa Kumar,Excellence & Leadership,Low,student_success_score,75.2/100,Mentorship & Tier-1 Competitive Placement,Exemplary academic and placement standing across all core performance dimensions.,"Serve as a peer mentor in junior study circles, lead a team in national hackathons (e.g. Smart India Hackathon), and prepare for dream company off-campus hiring drives."
STU1049,Arjun Narayanan,Interview Preparation,Medium,mock_interview_score,66.5/100,>= 75.0/100 in Next Mock Round,Mock interview feedback indicates need for sharper communication and project articulation.,"Practice explaining your major projects using the STAR method (Situation, Task, Action, Result). Conduct peer mock interviews twice a week."
STU1049,Arjun Narayanan,Excellence & Leadership,Low,student_success_score,74.8/100,Mentorship & Tier-1 Competitive Placement,Exemplary academic and placement standing across all core performance dimensions.,"Serve as a peer mentor in junior study circles, lead a team in national hackathons (e.g. Smart India Hackathon), and prepare for dream company off-campus hiring drives."
STU1050,Vikram Deshmukh,Excellence & Leadership,Low,student_success_score,89.9/100,Mentorship & Tier-1 Competitive Placement,Exemplary academic and placement standing across all core performance dimensions.,"Serve as a peer mentor in junior study circles, lead a team in national hackathons (e.g. Smart India Hackathon), and prepare for dream company off-campus hiring drives."
STU1051,Sneha Patel,Attendance Buffer,Medium,overall_attendance_percentage,78.16%,>= 85.00%,"Attendance is marginally above the 75% cutoff, leaving little margin for unforeseen illness or emergencies.",Avoid non-essential leaves and build an attendance buffer above 85%.
STU1051,Sneha Patel,Excellence & Leadership,Low,student_success_score,81.3/100,Mentorship & Tier-1 Competitive Placement,Exemplary academic and placement standing across all core performance dimensions.,"Serve as a peer mentor in junior study circles, lead a team in national hackathons (e.g. Smart India Hackathon), and prepare for dream company off-campus hiring drives."
STU1052,Rhea Chatterjee,Academic Clearance,Critical,backlogs,2 active backlog(s),0 active backlogs (clear in upcoming remedial exams),Active backlogs (2) restrict company placement eligibility and degree progression.,"Enroll in university remedial coaching for uncleared subjects, meet faculty advisors weekly, and allocate 6 dedicated hours per week to backlog coursework."
STU1052,Rhea Chatterjee,Attendance Recovery,High,overall_attendance_percentage,70.95% (149/210 classes),>= 75.00% (attend next 34 consecutive classes without absence),Current attendance is below the mandatory 75% institutional requirement. 4 subject(s) are at risk of exam debarment.,Maintain 100% attendance over the next 34 scheduled lectures. Submit medical or leave certificates for excused prior absences to academic dean.
STU1052,Rhea Chatterjee,LMS Coursework,High,assignment_completion_percentage,58.33% (7/12 completed),>= 85.00% (submit remaining 5 assignments),5 unsubmitted assignments are negatively impacting your internal assessment scores.,"Access the LMS portal, complete overdue assignments during faculty review hours, and set weekly calendar reminders for submission deadlines."
STU1052,Rhea Chatterjee,Coding & Algorithms,High,coding_score,52.6/100,>= 75.0/100 (solve 30 medium DSA problems),Technical recruitment screens require strong data structures and algorithmic implementation speed.,"Practice 1-2 coding problems daily on LeetCode/HackerRank focusing on Arrays, Strings, Hashing, and Binary Search. Participate in weekly campus coding contests."
STU1052,Rhea Chatterjee,Aptitude & Reasoning,Medium,aptitude_score,59.6/100,>= 75.0/100,Campus placement round 1 relies on strict quantitative and logical aptitude cutoffs.,"Complete daily 20-minute timed speed math and logical reasoning quizzes on the campus placement portal. Review high-frequency topics: Percentages, Profit & Loss, Ratios, and Syllogisms."
STU1052,Rhea Chatterjee,Interview Preparation,Medium,mock_interview_score,65.4/100,>= 75.0/100 in Next Mock Round,Mock interview feedback indicates need for sharper communication and project articulation.,"Practice explaining your major projects using the STAR method (Situation, Task, Action, Result). Conduct peer mock interviews twice a week."
STU1052,Rhea Chatterjee,Soft Skills & Communication,Medium,soft_skill_score,64.1/100,>= 75.0/100,Interpersonal and presentation skill scores require enhancement for corporate HR rounds.,Join the campus Toastmasters / Debate Club and participate in group discussions during weekly communication labs.
STU1052,Rhea Chatterjee,Campus Engagement,Medium,engagement_score,"0 clubs, 0 hackathons",Join 1 technical club & register for 1 hackathon,Lack of extracurricular and collaborative activities weakens resume differentiation for tier-1 companies.,Register for the upcoming internal Smart Campus Hackathon and sign up for a department technical club.
STU1053,Vikram Rao,Academic Clearance,Critical,backlogs,3 active backlog(s),0 active backlogs (clear in upcoming remedial exams),Active backlogs (3) restrict company placement eligibility and degree progression.,"Enroll in university remedial coaching for uncleared subjects, meet faculty advisors weekly, and allocate 6 dedicated hours per week to backlog coursework."
STU1053,Vikram Rao,Attendance Recovery,Critical,overall_attendance_percentage,58.91% (119/202 classes),>= 75.00% (attend next 130 consecutive classes without absence),Current attendance is below the mandatory 75% institutional requirement. 4 subject(s) are at risk of exam debarment.,Maintain 100% attendance over the next 130 scheduled lectures. Submit medical or leave certificates for excused prior absences to academic dean.
STU1053,Vikram Rao,Coding & Algorithms,Critical,coding_score,42.1/100,>= 75.0/100 (solve 30 medium DSA problems),Technical recruitment screens require strong data structures and algorithmic implementation speed.,"Practice 1-2 coding problems daily on LeetCode/HackerRank focusing on Arrays, Strings, Hashing, and Binary Search. Participate in weekly campus coding contests."
STU1053,Vikram Rao,LMS Coursework,High,assignment_completion_percentage,50.00% (6/12 completed),>= 85.00% (submit remaining 6 assignments),6 unsubmitted assignments are negatively impacting your internal assessment scores.,"Access the LMS portal, complete overdue assignments during faculty review hours, and set weekly calendar reminders for submission deadlines."
STU1053,Vikram Rao,Aptitude & Reasoning,High,aptitude_score,47.3/100,>= 75.0/100,Campus placement round 1 relies on strict quantitative and logical aptitude cutoffs.,"Complete daily 20-minute timed speed math and logical reasoning quizzes on the campus placement portal. Review high-frequency topics: Percentages, Profit & Loss, Ratios, and Syllogisms."
STU1053,Vikram Rao,Interview Preparation,High,mock_interview_score,46.6/100,>= 75.0/100 in Next Mock Round,Mock interview feedback indicates need for sharper communication and project articulation.,"Practice explaining your major projects using the STAR method (Situation, Task, Action, Result). Conduct peer mock interviews twice a week."
STU1053,Vikram Rao,Soft Skills & Communication,Medium,soft_skill_score,37.5/100,>= 75.0/100,Interpersonal and presentation skill scores require enhancement for corporate HR rounds.,Join the campus Toastmasters / Debate Club and participate in group discussions during weekly communication labs.
STU1053,Vikram Rao,Campus Engagement,Medium,engagement_score,"0 clubs, 0 hackathons",Join 1 technical club & register for 1 hackathon,Lack of extracurricular and collaborative activities weakens resume differentiation for tier-1 companies.,Register for the upcoming internal Smart Campus Hackathon and sign up for a department technical club.
STU1054,Zoya Deshmukh,Academic Clearance,Critical,backlogs,2 active backlog(s),0 active backlogs (clear in upcoming remedial exams),Active backlogs (2) restrict company placement eligibility and degree progression.,"Enroll in university remedial coaching for uncleared subjects, meet faculty advisors weekly, and allocate 6 dedicated hours per week to backlog coursework."
STU1054,Zoya Deshmukh,Attendance Recovery,Critical,overall_attendance_percentage,57.01% (122/214 classes),>= 75.00% (attend next 154 consecutive classes without absence),Current attendance is below the mandatory 75% institutional requirement. 4 subject(s) are at risk of exam debarment.,Maintain 100% attendance over the next 154 scheduled lectures. Submit medical or leave certificates for excused prior absences to academic dean.
STU1054,Zoya Deshmukh,LMS Coursework,Critical,assignment_completion_percentage,33.33% (4/12 completed),>= 85.00% (submit remaining 8 assignments),8 unsubmitted assignments are negatively impacting your internal assessment scores.,"Access the LMS portal, complete overdue assignments during faculty review hours, and set weekly calendar reminders for submission deadlines."
STU1054,Zoya Deshmukh,Coding & Algorithms,Critical,coding_score,37.3/100,>= 75.0/100 (solve 30 medium DSA problems),Technical recruitment screens require strong data structures and algorithmic implementation speed.,"Practice 1-2 coding problems daily on LeetCode/HackerRank focusing on Arrays, Strings, Hashing, and Binary Search. Participate in weekly campus coding contests."
STU1054,Zoya Deshmukh,Aptitude & Reasoning,High,aptitude_score,44.5/100,>= 75.0/100,Campus placement round 1 relies on strict quantitative and logical aptitude cutoffs.,"Complete daily 20-minute timed speed math and logical reasoning quizzes on the campus placement portal. Review high-frequency topics: Percentages, Profit & Loss, Ratios, and Syllogisms."
STU1054,Zoya Deshmukh,Interview Preparation,High,mock_interview_score,39.7/100,>= 75.0/100 in Next Mock Round,Mock interview feedback indicates need for sharper communication and project articulation.,"Practice explaining your major projects using the STAR method (Situation, Task, Action, Result). Conduct peer mock interviews twice a week."
STU1054,Zoya Deshmukh,Soft Skills & Communication,Medium,soft_skill_score,46.8/100,>= 75.0/100,Interpersonal and presentation skill scores require enhancement for corporate HR rounds.,Join the campus Toastmasters / Debate Club and participate in group discussions during weekly communication labs.
STU1054,Zoya Deshmukh,Campus Engagement,Medium,engagement_score,"0 clubs, 0 hackathons",Join 1 technical club & register for 1 hackathon,Lack of extracurricular and collaborative activities weakens resume differentiation for tier-1 companies.,Register for the upcoming internal Smart Campus Hackathon and sign up for a department technical club.
STU1055,Sangeetha Nair,Attendance Recovery,High,overall_attendance_percentage,73.56% (153/208 classes),>= 75.00% (attend next 12 consecutive classes without absence),Current attendance is below the mandatory 75% institutional requirement. 3 subject(s) are at risk of exam debarment.,Maintain 100% attendance over the next 12 scheduled lectures. Submit medical or leave certificates for excused prior absences to academic dean.
STU1055,Sangeetha Nair,Coding & Algorithms,High,coding_score,68.2/100,>= 75.0/100 (solve 30 medium DSA problems),Technical recruitment screens require strong data structures and algorithmic implementation speed.,"Practice 1-2 coding problems daily on LeetCode/HackerRank focusing on Arrays, Strings, Hashing, and Binary Search. Participate in weekly campus coding contests."
STU1055,Sangeetha Nair,Interview Preparation,Medium,mock_interview_score,65.9/100,>= 75.0/100 in Next Mock Round,Mock interview feedback indicates need for sharper communication and project articulation.,"Practice explaining your major projects using the STAR method (Situation, Task, Action, Result). Conduct peer mock interviews twice a week."
STU1056,Siddharth Nair,Academic Clearance,Critical,backlogs,2 active backlog(s),0 active backlogs (clear in upcoming remedial exams),Active backlogs (2) restrict company placement eligibility and degree progression.,"Enroll in university remedial coaching for uncleared subjects, meet faculty advisors weekly, and allocate 6 dedicated hours per week to backlog coursework."
STU1056,Siddharth Nair,Attendance Recovery,Critical,overall_attendance_percentage,63.50% (127/200 classes),>= 75.00% (attend next 92 consecutive classes without absence),Current attendance is below the mandatory 75% institutional requirement. 4 subject(s) are at risk of exam debarment.,Maintain 100% attendance over the next 92 scheduled lectures. Submit medical or leave certificates for excused prior absences to academic dean.
STU1056,Siddharth Nair,Coding & Algorithms,Critical,coding_score,46.7/100,>= 75.0/100 (solve 30 medium DSA problems),Technical recruitment screens require strong data structures and algorithmic implementation speed.,"Practice 1-2 coding problems daily on LeetCode/HackerRank focusing on Arrays, Strings, Hashing, and Binary Search. Participate in weekly campus coding contests."
STU1056,Siddharth Nair,LMS Coursework,High,assignment_completion_percentage,50.00% (6/12 completed),>= 85.00% (submit remaining 6 assignments),6 unsubmitted assignments are negatively impacting your internal assessment scores.,"Access the LMS portal, complete overdue assignments during faculty review hours, and set weekly calendar reminders for submission deadlines."
STU1056,Siddharth Nair,Aptitude & Reasoning,High,aptitude_score,49.9/100,>= 75.0/100,Campus placement round 1 relies on strict quantitative and logical aptitude cutoffs.,"Complete daily 20-minute timed speed math and logical reasoning quizzes on the campus placement portal. Review high-frequency topics: Percentages, Profit & Loss, Ratios, and Syllogisms."
STU1056,Siddharth Nair,Interview Preparation,High,mock_interview_score,41.7/100,>= 75.0/100 in Next Mock Round,Mock interview feedback indicates need for sharper communication and project articulation.,"Practice explaining your major projects using the STAR method (Situation, Task, Action, Result). Conduct peer mock interviews twice a week."
STU1056,Siddharth Nair,Soft Skills & Communication,Medium,soft_skill_score,43.9/100,>= 75.0/100,Interpersonal and presentation skill scores require enhancement for corporate HR rounds.,Join the campus Toastmasters / Debate Club and participate in group discussions during weekly communication labs.
STU1056,Siddharth Nair,Campus Engagement,Medium,engagement_score,"0 clubs, 0 hackathons",Join 1 technical club & register for 1 hackathon,Lack of extracurricular and collaborative activities weakens resume differentiation for tier-1 companies.,Register for the upcoming internal Smart Campus Hackathon and sign up for a department technical club.
STU1057,Sanjay Rajan,Excellence & Leadership,Low,student_success_score,93.2/100,Mentorship & Tier-1 Competitive Placement,Exemplary academic and placement standing across all core performance dimensions.,"Serve as a peer mentor in junior study circles, lead a team in national hackathons (e.g. Smart India Hackathon), and prepare for dream company off-campus hiring drives."
STU1058,Siddharth Rajan,Excellence & Leadership,Low,student_success_score,91.8/100,Mentorship & Tier-1 Competitive Placement,Exemplary academic and placement standing across all core performance dimensions.,"Serve as a peer mentor in junior study circles, lead a team in national hackathons (e.g. Smart India Hackathon), and prepare for dream company off-campus hiring drives."
STU1059,Manish Balakrishnan,Excellence & Leadership,Low,student_success_score,92.4/100,Mentorship & Tier-1 Competitive Placement,Exemplary academic and placement standing across all core performance dimensions.,"Serve as a peer mentor in junior study circles, lead a team in national hackathons (e.g. Smart India Hackathon), and prepare for dream company off-campus hiring drives."
STU1060,Indira Gupta,Excellence & Leadership,Low,student_success_score,72.2/100,Mentorship & Tier-1 Competitive Placement,Exemplary academic and placement standing across all core performance dimensions.,"Serve as a peer mentor in junior study circles, lead a team in national hackathons (e.g. Smart India Hackathon), and prepare for dream company off-campus hiring drives."
STU1061,Rishi Nair,Attendance Recovery,High,overall_attendance_percentage,74.49% (146/196 classes),>= 75.00% (attend next 4 consecutive classes without absence),Current attendance is below the mandatory 75% institutional requirement. 2 subject(s) are at risk of exam debarment.,Maintain 100% attendance over the next 4 scheduled lectures. Submit medical or leave certificates for excused prior absences to academic dean.
STU1061,Rishi Nair,Aptitude & Reasoning,Medium,aptitude_score,69.8/100,>= 75.0/100,Campus placement round 1 relies on strict quantitative and logical aptitude cutoffs.,"Complete daily 20-minute timed speed math and logical reasoning quizzes on the campus placement portal. Review high-frequency topics: Percentages, Profit & Loss, Ratios, and Syllogisms."
STU1062,Zoya Patel,Placement Assessment Scheduling,High,mock_interview_score,Pending Evaluation,Complete 1 Diagnostic Mock Interview,You have not yet attended your scheduled diagnostic mock interview with placement mentors.,"Book an interview slot with the career cell this week to receive baseline feedback on resume presentation, communication, and system design."
STU1062,Zoya Patel,Aptitude & Reasoning,Medium,aptitude_score,68.6/100,>= 75.0/100,Campus placement round 1 relies on strict quantitative and logical aptitude cutoffs.,"Complete daily 20-minute timed speed math and logical reasoning quizzes on the campus placement portal. Review high-frequency topics: Percentages, Profit & Loss, Ratios, and Syllogisms."
STU1063,Chetan Gowda,Academic Clearance,High,backlogs,1 active backlog(s),0 active backlogs (clear in upcoming remedial exams),Active backlogs (1) restrict company placement eligibility and degree progression.,"Enroll in university remedial coaching for uncleared subjects, meet faculty advisors weekly, and allocate 6 dedicated hours per week to backlog coursework."
STU1063,Chetan Gowda,Attendance Recovery,High,overall_attendance_percentage,67.00% (134/200 classes),>= 75.00% (attend next 64 consecutive classes without absence),Current attendance is below the mandatory 75% institutional requirement. 4 subject(s) are at risk of exam debarment.,Maintain 100% attendance over the next 64 scheduled lectures. Submit medical or leave certificates for excused prior absences to academic dean.
STU1063,Chetan Gowda,LMS Coursework,High,assignment_completion_percentage,50.00% (6/12 completed),>= 85.00% (submit remaining 6 assignments),6 unsubmitted assignments are negatively impacting your internal assessment scores.,"Access the LMS portal, complete overdue assignments during faculty review hours, and set weekly calendar reminders for submission deadlines."
STU1063,Chetan Gowda,Coding & Algorithms,High,coding_score,65.5/100,>= 75.0/100 (solve 30 medium DSA problems),Technical recruitment screens require strong data structures and algorithmic implementation speed.,"Practice 1-2 coding problems daily on LeetCode/HackerRank focusing on Arrays, Strings, Hashing, and Binary Search. Participate in weekly campus coding contests."
STU1063,Chetan Gowda,Aptitude & Reasoning,Medium,aptitude_score,66.9/100,>= 75.0/100,Campus placement round 1 relies on strict quantitative and logical aptitude cutoffs.,"Complete daily 20-minute timed speed math and logical reasoning quizzes on the campus placement portal. Review high-frequency topics: Percentages, Profit & Loss, Ratios, and Syllogisms."
STU1063,Chetan Gowda,Interview Preparation,Medium,mock_interview_score,65.1/100,>= 75.0/100 in Next Mock Round,Mock interview feedback indicates need for sharper communication and project articulation.,"Practice explaining your major projects using the STAR method (Situation, Task, Action, Result). Conduct peer mock interviews twice a week."
STU1063,Chetan Gowda,Soft Skills & Communication,Medium,soft_skill_score,57.3/100,>= 75.0/100,Interpersonal and presentation skill scores require enhancement for corporate HR rounds.,Join the campus Toastmasters / Debate Club and participate in group discussions during weekly communication labs.
STU1063,Chetan Gowda,Industry Certification,Low,certifications_count,0 certifications,Earn 1 verified industry certificate,"Industry credentials in cloud, AI, or full-stack technologies validate specialized domain proficiency.","Enroll in a subsidized AWS, Google Cloud, or Coursera specialization via the campus learning portal."
STU1064,Karthik Nair,Attendance Buffer,Medium,overall_attendance_percentage,78.57%,>= 85.00%,"Attendance is marginally above the 75% cutoff, leaving little margin for unforeseen illness or emergencies.",Avoid non-essential leaves and build an attendance buffer above 85%.
STU1064,Karthik Nair,Excellence & Leadership,Low,student_success_score,76.4/100,Mentorship & Tier-1 Competitive Placement,Exemplary academic and placement standing across all core performance dimensions.,"Serve as a peer mentor in junior study circles, lead a team in national hackathons (e.g. Smart India Hackathon), and prepare for dream company off-campus hiring drives."
STU1065,Naveen Narayanan,Interview Preparation,Medium,mock_interview_score,68.8/100,>= 75.0/100 in Next Mock Round,Mock interview feedback indicates need for sharper communication and project articulation.,"Practice explaining your major projects using the STAR method (Situation, Task, Action, Result). Conduct peer mock interviews twice a week."
STU1065,Naveen Narayanan,Excellence & Leadership,Low,student_success_score,75.4/100,Mentorship & Tier-1 Competitive Placement,Exemplary academic and placement standing across all core performance dimensions.,"Serve as a peer mentor in junior study circles, lead a team in national hackathons (e.g. Smart India Hackathon), and prepare for dream company off-campus hiring drives."
STU1066,Manish Mehta,Excellence & Leadership,Low,student_success_score,73.7/100,Mentorship & Tier-1 Competitive Placement,Exemplary academic and placement standing across all core performance dimensions.,"Serve as a peer mentor in junior study circles, lead a team in national hackathons (e.g. Smart India Hackathon), and prepare for dream company off-campus hiring drives."
STU1067,Dev Deshmukh,Excellence & Leadership,Low,student_success_score,93.4/100,Mentorship & Tier-1 Competitive Placement,Exemplary academic and placement standing across all core performance dimensions.,"Serve as a peer mentor in junior study circles, lead a team in national hackathons (e.g. Smart India Hackathon), and prepare for dream company off-campus hiring drives."
STU1068,Dinesh Mehta,Attendance Recovery,High,overall_attendance_percentage,73.76% (149/202 classes),>= 75.00% (attend next 10 consecutive classes without absence),Current attendance is below the mandatory 75% institutional requirement. 2 subject(s) are at risk of exam debarment.,Maintain 100% attendance over the next 10 scheduled lectures. Submit medical or leave certificates for excused prior absences to academic dean.
STU1068,Dinesh Mehta,LMS Coursework,High,assignment_completion_percentage,50.00% (6/12 completed),>= 85.00% (submit remaining 6 assignments),6 unsubmitted assignments are negatively impacting your internal assessment scores.,"Access the LMS portal, complete overdue assignments during faculty review hours, and set weekly calendar reminders for submission deadlines."
STU1068,Dinesh Mehta,Coding & Algorithms,High,coding_score,58.6/100,>= 75.0/100 (solve 30 medium DSA problems),Technical recruitment screens require strong data structures and algorithmic implementation speed.,"Practice 1-2 coding problems daily on LeetCode/HackerRank focusing on Arrays, Strings, Hashing, and Binary Search. Participate in weekly campus coding contests."
STU1068,Dinesh Mehta,Aptitude & Reasoning,High,aptitude_score,51.6/100,>= 75.0/100,Campus placement round 1 relies on strict quantitative and logical aptitude cutoffs.,"Complete daily 20-minute timed speed math and logical reasoning quizzes on the campus placement portal. Review high-frequency topics: Percentages, Profit & Loss, Ratios, and Syllogisms."
STU1068,Dinesh Mehta,Interview Preparation,Medium,mock_interview_score,57.7/100,>= 75.0/100 in Next Mock Round,Mock interview feedback indicates need for sharper communication and project articulation.,"Practice explaining your major projects using the STAR method (Situation, Task, Action, Result). Conduct peer mock interviews twice a week."
STU1068,Dinesh Mehta,Soft Skills & Communication,Medium,soft_skill_score,53.0/100,>= 75.0/100,Interpersonal and presentation skill scores require enhancement for corporate HR rounds.,Join the campus Toastmasters / Debate Club and participate in group discussions during weekly communication labs.
STU1069,Tejas Kulkarni,Excellence & Leadership,Low,student_success_score,92.0/100,Mentorship & Tier-1 Competitive Placement,Exemplary academic and placement standing across all core performance dimensions.,"Serve as a peer mentor in junior study circles, lead a team in national hackathons (e.g. Smart India Hackathon), and prepare for dream company off-campus hiring drives."
STU1070,Shreya Bhat,Attendance Recovery,High,overall_attendance_percentage,70.10% (143/204 classes),>= 75.00% (attend next 40 consecutive classes without absence),Current attendance is below the mandatory 75% institutional requirement. 3 subject(s) are at risk of exam debarment.,Maintain 100% attendance over the next 40 scheduled lectures. Submit medical or leave certificates for excused prior absences to academic dean.
STU1071,Aditi Sengupta,Attendance Recovery,High,overall_attendance_percentage,71.84% (148/206 classes),>= 75.00% (attend next 26 consecutive classes without absence),Current attendance is below the mandatory 75% institutional requirement. 3 subject(s) are at risk of exam debarment.,Maintain 100% attendance over the next 26 scheduled lectures. Submit medical or leave certificates for excused prior absences to academic dean.
STU1071,Aditi Sengupta,Coding & Algorithms,High,coding_score,52.7/100,>= 75.0/100 (solve 30 medium DSA problems),Technical recruitment screens require strong data structures and algorithmic implementation speed.,"Practice 1-2 coding problems daily on LeetCode/HackerRank focusing on Arrays, Strings, Hashing, and Binary Search. Participate in weekly campus coding contests."
STU1071,Aditi Sengupta,Aptitude & Reasoning,High,aptitude_score,54.8/100,>= 75.0/100,Campus placement round 1 relies on strict quantitative and logical aptitude cutoffs.,"Complete daily 20-minute timed speed math and logical reasoning quizzes on the campus placement portal. Review high-frequency topics: Percentages, Profit & Loss, Ratios, and Syllogisms."
STU1071,Aditi Sengupta,Interview Preparation,High,mock_interview_score,54.0/100,>= 75.0/100 in Next Mock Round,Mock interview feedback indicates need for sharper communication and project articulation.,"Practice explaining your major projects using the STAR method (Situation, Task, Action, Result). Conduct peer mock interviews twice a week."
STU1071,Aditi Sengupta,Soft Skills & Communication,Medium,soft_skill_score,55.7/100,>= 75.0/100,Interpersonal and presentation skill scores require enhancement for corporate HR rounds.,Join the campus Toastmasters / Debate Club and participate in group discussions during weekly communication labs.
STU1071,Aditi Sengupta,Industry Certification,Low,certifications_count,0 certifications,Earn 1 verified industry certificate,"Industry credentials in cloud, AI, or full-stack technologies validate specialized domain proficiency.","Enroll in a subsidized AWS, Google Cloud, or Coursera specialization via the campus learning portal."
STU1072,Karthik Sengupta,Excellence & Leadership,Low,student_success_score,93.0/100,Mentorship & Tier-1 Competitive Placement,Exemplary academic and placement standing across all core performance dimensions.,"Serve as a peer mentor in junior study circles, lead a team in national hackathons (e.g. Smart India Hackathon), and prepare for dream company off-campus hiring drives."
STU1073,Sneha Swaminathan,Excellence & Leadership,Low,student_success_score,91.8/100,Mentorship & Tier-1 Competitive Placement,Exemplary academic and placement standing across all core performance dimensions.,"Serve as a peer mentor in junior study circles, lead a team in national hackathons (e.g. Smart India Hackathon), and prepare for dream company off-campus hiring drives."
STU1074,Amrita Reddy,Academic Clearance,Critical,backlogs,2 active backlog(s),0 active backlogs (clear in upcoming remedial exams),Active backlogs (2) restrict company placement eligibility and degree progression.,"Enroll in university remedial coaching for uncleared subjects, meet faculty advisors weekly, and allocate 6 dedicated hours per week to backlog coursework."
STU1074,Amrita Reddy,Attendance Recovery,High,overall_attendance_percentage,74.52% (155/208 classes),>= 75.00% (attend next 4 consecutive classes without absence),Current attendance is below the mandatory 75% institutional requirement. 3 subject(s) are at risk of exam debarment.,Maintain 100% attendance over the next 4 scheduled lectures. Submit medical or leave certificates for excused prior absences to academic dean.
STU1074,Amrita Reddy,LMS Coursework,High,assignment_completion_percentage,50.00% (6/12 completed),>= 85.00% (submit remaining 6 assignments),6 unsubmitted assignments are negatively impacting your internal assessment scores.,"Access the LMS portal, complete overdue assignments during faculty review hours, and set weekly calendar reminders for submission deadlines."
STU1074,Amrita Reddy,Coding & Algorithms,High,coding_score,50.3/100,>= 75.0/100 (solve 30 medium DSA problems),Technical recruitment screens require strong data structures and algorithmic implementation speed.,"Practice 1-2 coding problems daily on LeetCode/HackerRank focusing on Arrays, Strings, Hashing, and Binary Search. Participate in weekly campus coding contests."
STU1074,Amrita Reddy,Aptitude & Reasoning,High,aptitude_score,50.3/100,>= 75.0/100,Campus placement round 1 relies on strict quantitative and logical aptitude cutoffs.,"Complete daily 20-minute timed speed math and logical reasoning quizzes on the campus placement portal. Review high-frequency topics: Percentages, Profit & Loss, Ratios, and Syllogisms."
STU1074,Amrita Reddy,Interview Preparation,Medium,mock_interview_score,60.6/100,>= 75.0/100 in Next Mock Round,Mock interview feedback indicates need for sharper communication and project articulation.,"Practice explaining your major projects using the STAR method (Situation, Task, Action, Result). Conduct peer mock interviews twice a week."
STU1074,Amrita Reddy,Soft Skills & Communication,Medium,soft_skill_score,55.8/100,>= 75.0/100,Interpersonal and presentation skill scores require enhancement for corporate HR rounds.,Join the campus Toastmasters / Debate Club and participate in group discussions during weekly communication labs.
STU1075,Tarun Joshi,Academic Clearance,High,backlogs,1 active backlog(s),0 active backlogs (clear in upcoming remedial exams),Active backlogs (1) restrict company placement eligibility and degree progression.,"Enroll in university remedial coaching for uncleared subjects, meet faculty advisors weekly, and allocate 6 dedicated hours per week to backlog coursework."
STU1075,Tarun Joshi,Attendance Recovery,High,overall_attendance_percentage,70.48% (148/210 classes),>= 75.00% (attend next 38 consecutive classes without absence),Current attendance is below the mandatory 75% institutional requirement. 4 subject(s) are at risk of exam debarment.,Maintain 100% attendance over the next 38 scheduled lectures. Submit medical or leave certificates for excused prior absences to academic dean.
STU1075,Tarun Joshi,LMS Coursework,High,assignment_completion_percentage,66.67% (8/12 completed),>= 85.00% (submit remaining 4 assignments),4 unsubmitted assignments are negatively impacting your internal assessment scores.,"Access the LMS portal, complete overdue assignments during faculty review hours, and set weekly calendar reminders for submission deadlines."
STU1075,Tarun Joshi,Coding & Algorithms,High,coding_score,58.4/100,>= 75.0/100 (solve 30 medium DSA problems),Technical recruitment screens require strong data structures and algorithmic implementation speed.,"Practice 1-2 coding problems daily on LeetCode/HackerRank focusing on Arrays, Strings, Hashing, and Binary Search. Participate in weekly campus coding contests."
STU1075,Tarun Joshi,Aptitude & Reasoning,Medium,aptitude_score,63.5/100,>= 75.0/100,Campus placement round 1 relies on strict quantitative and logical aptitude cutoffs.,"Complete daily 20-minute timed speed math and logical reasoning quizzes on the campus placement portal. Review high-frequency topics: Percentages, Profit & Loss, Ratios, and Syllogisms."
STU1075,Tarun Joshi,Interview Preparation,Medium,mock_interview_score,60.2/100,>= 75.0/100 in Next Mock Round,Mock interview feedback indicates need for sharper communication and project articulation.,"Practice explaining your major projects using the STAR method (Situation, Task, Action, Result). Conduct peer mock interviews twice a week."
STU1075,Tarun Joshi,Soft Skills & Communication,Medium,soft_skill_score,57.9/100,>= 75.0/100,Interpersonal and presentation skill scores require enhancement for corporate HR rounds.,Join the campus Toastmasters / Debate Club and participate in group discussions during weekly communication labs.
STU1075,Tarun Joshi,Industry Certification,Low,certifications_count,0 certifications,Earn 1 verified industry certificate,"Industry credentials in cloud, AI, or full-stack technologies validate specialized domain proficiency.","Enroll in a subsidized AWS, Google Cloud, or Coursera specialization via the campus learning portal."
STU1076,Naveen Bose,Academic Clearance,High,backlogs,1 active backlog(s),0 active backlogs (clear in upcoming remedial exams),Active backlogs (1) restrict company placement eligibility and degree progression.,"Enroll in university remedial coaching for uncleared subjects, meet faculty advisors weekly, and allocate 6 dedicated hours per week to backlog coursework."
STU1076,Naveen Bose,Attendance Recovery,High,overall_attendance_percentage,65.24% (137/210 classes),>= 75.00% (attend next 82 consecutive classes without absence),Current attendance is below the mandatory 75% institutional requirement. 4 subject(s) are at risk of exam debarment.,Maintain 100% attendance over the next 82 scheduled lectures. Submit medical or leave certificates for excused prior absences to academic dean.
STU1076,Naveen Bose,LMS Coursework,High,assignment_completion_percentage,66.67% (8/12 completed),>= 85.00% (submit remaining 4 assignments),4 unsubmitted assignments are negatively impacting your internal assessment scores.,"Access the LMS portal, complete overdue assignments during faculty review hours, and set weekly calendar reminders for submission deadlines."
STU1076,Naveen Bose,Coding & Algorithms,High,coding_score,61.1/100,>= 75.0/100 (solve 30 medium DSA problems),Technical recruitment screens require strong data structures and algorithmic implementation speed.,"Practice 1-2 coding problems daily on LeetCode/HackerRank focusing on Arrays, Strings, Hashing, and Binary Search. Participate in weekly campus coding contests."
STU1076,Naveen Bose,Aptitude & Reasoning,High,aptitude_score,52.1/100,>= 75.0/100,Campus placement round 1 relies on strict quantitative and logical aptitude cutoffs.,"Complete daily 20-minute timed speed math and logical reasoning quizzes on the campus placement portal. Review high-frequency topics: Percentages, Profit & Loss, Ratios, and Syllogisms."
STU1076,Naveen Bose,Interview Preparation,Medium,mock_interview_score,55.2/100,>= 75.0/100 in Next Mock Round,Mock interview feedback indicates need for sharper communication and project articulation.,"Practice explaining your major projects using the STAR method (Situation, Task, Action, Result). Conduct peer mock interviews twice a week."
STU1076,Naveen Bose,Industry Certification,Low,certifications_count,0 certifications,Earn 1 verified industry certificate,"Industry credentials in cloud, AI, or full-stack technologies validate specialized domain proficiency.","Enroll in a subsidized AWS, Google Cloud, or Coursera specialization via the campus learning portal."
STU1077,Aarav Rajan,Academic Clearance,Critical,backlogs,2 active backlog(s),0 active backlogs (clear in upcoming remedial exams),Active backlogs (2) restrict company placement eligibility and degree progression.,"Enroll in university remedial coaching for uncleared subjects, meet faculty advisors weekly, and allocate 6 dedicated hours per week to backlog coursework."
STU1077,Aarav Rajan,LMS Coursework,High,assignment_completion_percentage,58.33% (7/12 completed),>= 85.00% (submit remaining 5 assignments),5 unsubmitted assignments are negatively impacting your internal assessment scores.,"Access the LMS portal, complete overdue assignments during faculty review hours, and set weekly calendar reminders for submission deadlines."
STU1077,Aarav Rajan,Coding & Algorithms,High,coding_score,62.9/100,>= 75.0/100 (solve 30 medium DSA problems),Technical recruitment screens require strong data structures and algorithmic implementation speed.,"Practice 1-2 coding problems daily on LeetCode/HackerRank focusing on Arrays, Strings, Hashing, and Binary Search. Participate in weekly campus coding contests."
STU1077,Aarav Rajan,Interview Preparation,High,mock_interview_score,51.6/100,>= 75.0/100 in Next Mock Round,Mock interview feedback indicates need for sharper communication and project articulation.,"Practice explaining your major projects using the STAR method (Situation, Task, Action, Result). Conduct peer mock interviews twice a week."
STU1077,Aarav Rajan,Attendance Buffer,Medium,overall_attendance_percentage,75.96%,>= 85.00%,"Attendance is marginally above the 75% cutoff, leaving little margin for unforeseen illness or emergencies.",Avoid non-essential leaves and build an attendance buffer above 85%.
STU1077,Aarav Rajan,Aptitude & Reasoning,Medium,aptitude_score,62.1/100,>= 75.0/100,Campus placement round 1 relies on strict quantitative and logical aptitude cutoffs.,"Complete daily 20-minute timed speed math and logical reasoning quizzes on the campus placement portal. Review high-frequency topics: Percentages, Profit & Loss, Ratios, and Syllogisms."
STU1077,Aarav Rajan,Soft Skills & Communication,Medium,soft_skill_score,54.1/100,>= 75.0/100,Interpersonal and presentation skill scores require enhancement for corporate HR rounds.,Join the campus Toastmasters / Debate Club and participate in group discussions during weekly communication labs.
STU1077,Aarav Rajan,Industry Certification,Low,certifications_count,0 certifications,Earn 1 verified industry certificate,"Industry credentials in cloud, AI, or full-stack technologies validate specialized domain proficiency.","Enroll in a subsidized AWS, Google Cloud, or Coursera specialization via the campus learning portal."
STU1078,Siddharth Kulkarni,Excellence & Leadership,Low,student_success_score,90.5/100,Mentorship & Tier-1 Competitive Placement,Exemplary academic and placement standing across all core performance dimensions.,"Serve as a peer mentor in junior study circles, lead a team in national hackathons (e.g. Smart India Hackathon), and prepare for dream company off-campus hiring drives."
STU1079,Nikhil Kulkarni,Excellence & Leadership,Low,student_success_score,75.7/100,Mentorship & Tier-1 Competitive Placement,Exemplary academic and placement standing across all core performance dimensions.,"Serve as a peer mentor in junior study circles, lead a team in national hackathons (e.g. Smart India Hackathon), and prepare for dream company off-campus hiring drives."
STU1080,Janani Gowda,Excellence & Leadership,Low,student_success_score,90.2/100,Mentorship & Tier-1 Competitive Placement,Exemplary academic and placement standing across all core performance dimensions.,"Serve as a peer mentor in junior study circles, lead a team in national hackathons (e.g. Smart India Hackathon), and prepare for dream company off-campus hiring drives."
STU1081,Varun Shetty,Academic Clearance,Critical,backlogs,3 active backlog(s),0 active backlogs (clear in upcoming remedial exams),Active backlogs (3) restrict company placement eligibility and degree progression.,"Enroll in university remedial coaching for uncleared subjects, meet faculty advisors weekly, and allocate 6 dedicated hours per week to backlog coursework."
STU1081,Varun Shetty,Attendance Recovery,Critical,overall_attendance_percentage,56.80% (117/206 classes),>= 75.00% (attend next 150 consecutive classes without absence),Current attendance is below the mandatory 75% institutional requirement. 4 subject(s) are at risk of exam debarment.,Maintain 100% attendance over the next 150 scheduled lectures. Submit medical or leave certificates for excused prior absences to academic dean.
STU1081,Varun Shetty,LMS Coursework,Critical,assignment_completion_percentage,25.00% (3/12 completed),>= 85.00% (submit remaining 9 assignments),9 unsubmitted assignments are negatively impacting your internal assessment scores.,"Access the LMS portal, complete overdue assignments during faculty review hours, and set weekly calendar reminders for submission deadlines."
STU1081,Varun Shetty,Coding & Algorithms,Critical,coding_score,39.5/100,>= 75.0/100 (solve 30 medium DSA problems),Technical recruitment screens require strong data structures and algorithmic implementation speed.,"Practice 1-2 coding problems daily on LeetCode/HackerRank focusing on Arrays, Strings, Hashing, and Binary Search. Participate in weekly campus coding contests."
STU1081,Varun Shetty,Aptitude & Reasoning,High,aptitude_score,45.3/100,>= 75.0/100,Campus placement round 1 relies on strict quantitative and logical aptitude cutoffs.,"Complete daily 20-minute timed speed math and logical reasoning quizzes on the campus placement portal. Review high-frequency topics: Percentages, Profit & Loss, Ratios, and Syllogisms."
STU1081,Varun Shetty,Interview Preparation,High,mock_interview_score,32.6/100,>= 75.0/100 in Next Mock Round,Mock interview feedback indicates need for sharper communication and project articulation.,"Practice explaining your major projects using the STAR method (Situation, Task, Action, Result). Conduct peer mock interviews twice a week."
STU1081,Varun Shetty,Soft Skills & Communication,Medium,soft_skill_score,36.1/100,>= 75.0/100,Interpersonal and presentation skill scores require enhancement for corporate HR rounds.,Join the campus Toastmasters / Debate Club and participate in group discussions during weekly communication labs.
STU1081,Varun Shetty,Campus Engagement,Medium,engagement_score,"0 clubs, 0 hackathons",Join 1 technical club & register for 1 hackathon,Lack of extracurricular and collaborative activities weakens resume differentiation for tier-1 companies.,Register for the upcoming internal Smart Campus Hackathon and sign up for a department technical club.
STU1082,Priya Nair,Attendance Buffer,Medium,overall_attendance_percentage,78.85%,>= 85.00%,"Attendance is marginally above the 75% cutoff, leaving little margin for unforeseen illness or emergencies.",Avoid non-essential leaves and build an attendance buffer above 85%.
STU1082,Priya Nair,Excellence & Leadership,Low,student_success_score,77.3/100,Mentorship & Tier-1 Competitive Placement,Exemplary academic and placement standing across all core performance dimensions.,"Serve as a peer mentor in junior study circles, lead a team in national hackathons (e.g. Smart India Hackathon), and prepare for dream company off-campus hiring drives."
STU1083,Chaithra Swaminathan,Coding & Algorithms,High,coding_score,69.8/100,>= 75.0/100 (solve 30 medium DSA problems),Technical recruitment screens require strong data structures and algorithmic implementation speed.,"Practice 1-2 coding problems daily on LeetCode/HackerRank focusing on Arrays, Strings, Hashing, and Binary Search. Participate in weekly campus coding contests."
STU1083,Chaithra Swaminathan,Attendance Buffer,Medium,overall_attendance_percentage,77.36%,>= 85.00%,"Attendance is marginally above the 75% cutoff, leaving little margin for unforeseen illness or emergencies.",Avoid non-essential leaves and build an attendance buffer above 85%.
STU1084,Naveen Bhat,Excellence & Leadership,Low,student_success_score,91.9/100,Mentorship & Tier-1 Competitive Placement,Exemplary academic and placement standing across all core performance dimensions.,"Serve as a peer mentor in junior study circles, lead a team in national hackathons (e.g. Smart India Hackathon), and prepare for dream company off-campus hiring drives."
STU1085,Aarav Mehta,Excellence & Leadership,Low,student_success_score,73.7/100,Mentorship & Tier-1 Competitive Placement,Exemplary academic and placement standing across all core performance dimensions.,"Serve as a peer mentor in junior study circles, lead a team in national hackathons (e.g. Smart India Hackathon), and prepare for dream company off-campus hiring drives."
STU1086,Yash Ghosh,Coding & Algorithms,High,coding_score,66.1/100,>= 75.0/100 (solve 30 medium DSA problems),Technical recruitment screens require strong data structures and algorithmic implementation speed.,"Practice 1-2 coding problems daily on LeetCode/HackerRank focusing on Arrays, Strings, Hashing, and Binary Search. Participate in weekly campus coding contests."
STU1086,Yash Ghosh,Attendance Buffer,Medium,overall_attendance_percentage,75.00%,>= 85.00%,"Attendance is marginally above the 75% cutoff, leaving little margin for unforeseen illness or emergencies.",Avoid non-essential leaves and build an attendance buffer above 85%.
STU1087,Akhil Reddy,Attendance Recovery,High,overall_attendance_percentage,69.61% (142/204 classes),>= 75.00% (attend next 44 consecutive classes without absence),Current attendance is below the mandatory 75% institutional requirement. 3 subject(s) are at risk of exam debarment.,Maintain 100% attendance over the next 44 scheduled lectures. Submit medical or leave certificates for excused prior absences to academic dean.
STU1087,Akhil Reddy,LMS Coursework,High,assignment_completion_percentage,50.00% (6/12 completed),>= 85.00% (submit remaining 6 assignments),6 unsubmitted assignments are negatively impacting your internal assessment scores.,"Access the LMS portal, complete overdue assignments during faculty review hours, and set weekly calendar reminders for submission deadlines."
STU1087,Akhil Reddy,Coding & Algorithms,High,coding_score,64.0/100,>= 75.0/100 (solve 30 medium DSA problems),Technical recruitment screens require strong data structures and algorithmic implementation speed.,"Practice 1-2 coding problems daily on LeetCode/HackerRank focusing on Arrays, Strings, Hashing, and Binary Search. Participate in weekly campus coding contests."
STU1087,Akhil Reddy,Aptitude & Reasoning,High,aptitude_score,52.4/100,>= 75.0/100,Campus placement round 1 relies on strict quantitative and logical aptitude cutoffs.,"Complete daily 20-minute timed speed math and logical reasoning quizzes on the campus placement portal. Review high-frequency topics: Percentages, Profit & Loss, Ratios, and Syllogisms."
STU1087,Akhil Reddy,Interview Preparation,Medium,mock_interview_score,55.5/100,>= 75.0/100 in Next Mock Round,Mock interview feedback indicates need for sharper communication and project articulation.,"Practice explaining your major projects using the STAR method (Situation, Task, Action, Result). Conduct peer mock interviews twice a week."
STU1087,Akhil Reddy,Soft Skills & Communication,Medium,soft_skill_score,52.4/100,>= 75.0/100,Interpersonal and presentation skill scores require enhancement for corporate HR rounds.,Join the campus Toastmasters / Debate Club and participate in group discussions during weekly communication labs.
STU1087,Akhil Reddy,Industry Certification,Low,certifications_count,0 certifications,Earn 1 verified industry certificate,"Industry credentials in cloud, AI, or full-stack technologies validate specialized domain proficiency.","Enroll in a subsidized AWS, Google Cloud, or Coursera specialization via the campus learning portal."
STU1088,Ashwin Balakrishnan,Coding & Algorithms,High,coding_score,65.7/100,>= 75.0/100 (solve 30 medium DSA problems),Technical recruitment screens require strong data structures and algorithmic implementation speed.,"Practice 1-2 coding problems daily on LeetCode/HackerRank focusing on Arrays, Strings, Hashing, and Binary Search. Participate in weekly campus coding contests."
STU1088,Ashwin Balakrishnan,Attendance Buffer,Medium,overall_attendance_percentage,79.90%,>= 85.00%,"Attendance is marginally above the 75% cutoff, leaving little margin for unforeseen illness or emergencies.",Avoid non-essential leaves and build an attendance buffer above 85%.
STU1088,Ashwin Balakrishnan,Interview Preparation,Medium,mock_interview_score,65.5/100,>= 75.0/100 in Next Mock Round,Mock interview feedback indicates need for sharper communication and project articulation.,"Practice explaining your major projects using the STAR method (Situation, Task, Action, Result). Conduct peer mock interviews twice a week."
STU1089,Vidya Kumar,Academic Clearance,Critical,backlogs,2 active backlog(s),0 active backlogs (clear in upcoming remedial exams),Active backlogs (2) restrict company placement eligibility and degree progression.,"Enroll in university remedial coaching for uncleared subjects, meet faculty advisors weekly, and allocate 6 dedicated hours per week to backlog coursework."
STU1089,Vidya Kumar,Attendance Recovery,Critical,overall_attendance_percentage,49.50% (99/200 classes),>= 75.00% (attend next 204 consecutive classes without absence),Current attendance is below the mandatory 75% institutional requirement. 4 subject(s) are at risk of exam debarment.,Maintain 100% attendance over the next 204 scheduled lectures. Submit medical or leave certificates for excused prior absences to academic dean.
STU1089,Vidya Kumar,LMS Coursework,Critical,assignment_completion_percentage,25.00% (3/12 completed),>= 85.00% (submit remaining 9 assignments),9 unsubmitted assignments are negatively impacting your internal assessment scores.,"Access the LMS portal, complete overdue assignments during faculty review hours, and set weekly calendar reminders for submission deadlines."
STU1089,Vidya Kumar,Coding & Algorithms,Critical,coding_score,36.4/100,>= 75.0/100 (solve 30 medium DSA problems),Technical recruitment screens require strong data structures and algorithmic implementation speed.,"Practice 1-2 coding problems daily on LeetCode/HackerRank focusing on Arrays, Strings, Hashing, and Binary Search. Participate in weekly campus coding contests."
STU1089,Vidya Kumar,Aptitude & Reasoning,High,aptitude_score,47.1/100,>= 75.0/100,Campus placement round 1 relies on strict quantitative and logical aptitude cutoffs.,"Complete daily 20-minute timed speed math and logical reasoning quizzes on the campus placement portal. Review high-frequency topics: Percentages, Profit & Loss, Ratios, and Syllogisms."
STU1089,Vidya Kumar,Placement Assessment Scheduling,High,mock_interview_score,Pending Evaluation,Complete 1 Diagnostic Mock Interview,You have not yet attended your scheduled diagnostic mock interview with placement mentors.,"Book an interview slot with the career cell this week to receive baseline feedback on resume presentation, communication, and system design."
STU1089,Vidya Kumar,Soft Skills & Communication,Medium,soft_skill_score,38.0/100,>= 75.0/100,Interpersonal and presentation skill scores require enhancement for corporate HR rounds.,Join the campus Toastmasters / Debate Club and participate in group discussions during weekly communication labs.
STU1089,Vidya Kumar,Campus Engagement,Medium,engagement_score,"0 clubs, 0 hackathons",Join 1 technical club & register for 1 hackathon,Lack of extracurricular and collaborative activities weakens resume differentiation for tier-1 companies.,Register for the upcoming internal Smart Campus Hackathon and sign up for a department technical club.
STU1090,Deepa Kumar,Attendance Buffer,Medium,overall_attendance_percentage,79.00%,>= 85.00%,"Attendance is marginally above the 75% cutoff, leaving little margin for unforeseen illness or emergencies.",Avoid non-essential leaves and build an attendance buffer above 85%.
STU1090,Deepa Kumar,Excellence & Leadership,Low,student_success_score,74.7/100,Mentorship & Tier-1 Competitive Placement,Exemplary academic and placement standing across all core performance dimensions.,"Serve as a peer mentor in junior study circles, lead a team in national hackathons (e.g. Smart India Hackathon), and prepare for dream company off-campus hiring drives."
STU1091,Gautam Patel,Excellence & Leadership,Low,student_success_score,94.5/100,Mentorship & Tier-1 Competitive Placement,Exemplary academic and placement standing across all core performance dimensions.,"Serve as a peer mentor in junior study circles, lead a team in national hackathons (e.g. Smart India Hackathon), and prepare for dream company off-campus hiring drives."
STU1092,Vignesh Shetty,Academic Clearance,Critical,backlogs,2 active backlog(s),0 active backlogs (clear in upcoming remedial exams),Active backlogs (2) restrict company placement eligibility and degree progression.,"Enroll in university remedial coaching for uncleared subjects, meet faculty advisors weekly, and allocate 6 dedicated hours per week to backlog coursework."
STU1092,Vignesh Shetty,Attendance Recovery,High,overall_attendance_percentage,70.20% (139/198 classes),>= 75.00% (attend next 38 consecutive classes without absence),Current attendance is below the mandatory 75% institutional requirement. 4 subject(s) are at risk of exam debarment.,Maintain 100% attendance over the next 38 scheduled lectures. Submit medical or leave certificates for excused prior absences to academic dean.
STU1092,Vignesh Shetty,Coding & Algorithms,High,coding_score,53.4/100,>= 75.0/100 (solve 30 medium DSA problems),Technical recruitment screens require strong data structures and algorithmic implementation speed.,"Practice 1-2 coding problems daily on LeetCode/HackerRank focusing on Arrays, Strings, Hashing, and Binary Search. Participate in weekly campus coding contests."
STU1092,Vignesh Shetty,Aptitude & Reasoning,High,aptitude_score,52.3/100,>= 75.0/100,Campus placement round 1 relies on strict quantitative and logical aptitude cutoffs.,"Complete daily 20-minute timed speed math and logical reasoning quizzes on the campus placement portal. Review high-frequency topics: Percentages, Profit & Loss, Ratios, and Syllogisms."
STU1092,Vignesh Shetty,Interview Preparation,Medium,mock_interview_score,55.7/100,>= 75.0/100 in Next Mock Round,Mock interview feedback indicates need for sharper communication and project articulation.,"Practice explaining your major projects using the STAR method (Situation, Task, Action, Result). Conduct peer mock interviews twice a week."
STU1092,Vignesh Shetty,Soft Skills & Communication,Medium,soft_skill_score,56.2/100,>= 75.0/100,Interpersonal and presentation skill scores require enhancement for corporate HR rounds.,Join the campus Toastmasters / Debate Club and participate in group discussions during weekly communication labs.
STU1093,Dev Swaminathan,Academic Clearance,High,backlogs,1 active backlog(s),0 active backlogs (clear in upcoming remedial exams),Active backlogs (1) restrict company placement eligibility and degree progression.,"Enroll in university remedial coaching for uncleared subjects, meet faculty advisors weekly, and allocate 6 dedicated hours per week to backlog coursework."
STU1093,Dev Swaminathan,LMS Coursework,High,assignment_completion_percentage,66.67% (8/12 completed),>= 85.00% (submit remaining 4 assignments),4 unsubmitted assignments are negatively impacting your internal assessment scores.,"Access the LMS portal, complete overdue assignments during faculty review hours, and set weekly calendar reminders for submission deadlines."
STU1093,Dev Swaminathan,Coding & Algorithms,High,coding_score,53.5/100,>= 75.0/100 (solve 30 medium DSA problems),Technical recruitment screens require strong data structures and algorithmic implementation speed.,"Practice 1-2 coding problems daily on LeetCode/HackerRank focusing on Arrays, Strings, Hashing, and Binary Search. Participate in weekly campus coding contests."
STU1093,Dev Swaminathan,Aptitude & Reasoning,High,aptitude_score,50.4/100,>= 75.0/100,Campus placement round 1 relies on strict quantitative and logical aptitude cutoffs.,"Complete daily 20-minute timed speed math and logical reasoning quizzes on the campus placement portal. Review high-frequency topics: Percentages, Profit & Loss, Ratios, and Syllogisms."
STU1093,Dev Swaminathan,Attendance Buffer,Medium,overall_attendance_percentage,76.21%,>= 85.00%,"Attendance is marginally above the 75% cutoff, leaving little margin for unforeseen illness or emergencies.",Avoid non-essential leaves and build an attendance buffer above 85%.
STU1093,Dev Swaminathan,Interview Preparation,Medium,mock_interview_score,58.8/100,>= 75.0/100 in Next Mock Round,Mock interview feedback indicates need for sharper communication and project articulation.,"Practice explaining your major projects using the STAR method (Situation, Task, Action, Result). Conduct peer mock interviews twice a week."
STU1093,Dev Swaminathan,Soft Skills & Communication,Medium,soft_skill_score,60.7/100,>= 75.0/100,Interpersonal and presentation skill scores require enhancement for corporate HR rounds.,Join the campus Toastmasters / Debate Club and participate in group discussions during weekly communication labs.
STU1094,Kiran Nair,Interview Preparation,Medium,mock_interview_score,68.7/100,>= 75.0/100 in Next Mock Round,Mock interview feedback indicates need for sharper communication and project articulation.,"Practice explaining your major projects using the STAR method (Situation, Task, Action, Result). Conduct peer mock interviews twice a week."
STU1094,Kiran Nair,Excellence & Leadership,Low,student_success_score,74.2/100,Mentorship & Tier-1 Competitive Placement,Exemplary academic and placement standing across all core performance dimensions.,"Serve as a peer mentor in junior study circles, lead a team in national hackathons (e.g. Smart India Hackathon), and prepare for dream company off-campus hiring drives."
STU1095,Uma Bhat,Attendance Recovery,High,overall_attendance_percentage,67.79% (141/208 classes),>= 75.00% (attend next 60 consecutive classes without absence),Current attendance is below the mandatory 75% institutional requirement. 4 subject(s) are at risk of exam debarment.,Maintain 100% attendance over the next 60 scheduled lectures. Submit medical or leave certificates for excused prior absences to academic dean.
STU1095,Uma Bhat,LMS Coursework,High,assignment_completion_percentage,50.00% (6/12 completed),>= 85.00% (submit remaining 6 assignments),6 unsubmitted assignments are negatively impacting your internal assessment scores.,"Access the LMS portal, complete overdue assignments during faculty review hours, and set weekly calendar reminders for submission deadlines."
STU1095,Uma Bhat,Coding & Algorithms,High,coding_score,50.4/100,>= 75.0/100 (solve 30 medium DSA problems),Technical recruitment screens require strong data structures and algorithmic implementation speed.,"Practice 1-2 coding problems daily on LeetCode/HackerRank focusing on Arrays, Strings, Hashing, and Binary Search. Participate in weekly campus coding contests."
STU1095,Uma Bhat,Aptitude & Reasoning,High,aptitude_score,54.8/100,>= 75.0/100,Campus placement round 1 relies on strict quantitative and logical aptitude cutoffs.,"Complete daily 20-minute timed speed math and logical reasoning quizzes on the campus placement portal. Review high-frequency topics: Percentages, Profit & Loss, Ratios, and Syllogisms."
STU1095,Uma Bhat,Interview Preparation,Medium,mock_interview_score,60.1/100,>= 75.0/100 in Next Mock Round,Mock interview feedback indicates need for sharper communication and project articulation.,"Practice explaining your major projects using the STAR method (Situation, Task, Action, Result). Conduct peer mock interviews twice a week."
STU1095,Uma Bhat,Soft Skills & Communication,Medium,soft_skill_score,63.2/100,>= 75.0/100,Interpersonal and presentation skill scores require enhancement for corporate HR rounds.,Join the campus Toastmasters / Debate Club and participate in group discussions during weekly communication labs.
STU1095,Uma Bhat,Industry Certification,Low,certifications_count,0 certifications,Earn 1 verified industry certificate,"Industry credentials in cloud, AI, or full-stack technologies validate specialized domain proficiency.","Enroll in a subsidized AWS, Google Cloud, or Coursera specialization via the campus learning portal."
STU1096,Neha Singh,Interview Preparation,Medium,mock_interview_score,66.5/100,>= 75.0/100 in Next Mock Round,Mock interview feedback indicates need for sharper communication and project articulation.,"Practice explaining your major projects using the STAR method (Situation, Task, Action, Result). Conduct peer mock interviews twice a week."
STU1096,Neha Singh,Excellence & Leadership,Low,student_success_score,73.2/100,Mentorship & Tier-1 Competitive Placement,Exemplary academic and placement standing across all core performance dimensions.,"Serve as a peer mentor in junior study circles, lead a team in national hackathons (e.g. Smart India Hackathon), and prepare for dream company off-campus hiring drives."
STU1097,Manish Rao,Attendance Buffer,Medium,overall_attendance_percentage,78.04%,>= 85.00%,"Attendance is marginally above the 75% cutoff, leaving little margin for unforeseen illness or emergencies.",Avoid non-essential leaves and build an attendance buffer above 85%.
STU1097,Manish Rao,Interview Preparation,Medium,mock_interview_score,65.0/100,>= 75.0/100 in Next Mock Round,Mock interview feedback indicates need for sharper communication and project articulation.,"Practice explaining your major projects using the STAR method (Situation, Task, Action, Result). Conduct peer mock interviews twice a week."
STU1097,Manish Rao,Excellence & Leadership,Low,student_success_score,75.4/100,Mentorship & Tier-1 Competitive Placement,Exemplary academic and placement standing across all core performance dimensions.,"Serve as a peer mentor in junior study circles, lead a team in national hackathons (e.g. Smart India Hackathon), and prepare for dream company off-campus hiring drives."
STU1098,Priya Das,Interview Preparation,Medium,mock_interview_score,66.0/100,>= 75.0/100 in Next Mock Round,Mock interview feedback indicates need for sharper communication and project articulation.,"Practice explaining your major projects using the STAR method (Situation, Task, Action, Result). Conduct peer mock interviews twice a week."
STU1098,Priya Das,Excellence & Leadership,Low,student_success_score,73.5/100,Mentorship & Tier-1 Competitive Placement,Exemplary academic and placement standing across all core performance dimensions.,"Serve as a peer mentor in junior study circles, lead a team in national hackathons (e.g. Smart India Hackathon), and prepare for dream company off-campus hiring drives."
STU1099,Vidya Deshmukh,Excellence & Leadership,Low,student_success_score,93.3/100,Mentorship & Tier-1 Competitive Placement,Exemplary academic and placement standing across all core performance dimensions.,"Serve as a peer mentor in junior study circles, lead a team in national hackathons (e.g. Smart India Hackathon), and prepare for dream company off-campus hiring drives."
STU1100,Chaithra Bose,Excellence & Leadership,Low,student_success_score,92.4/100,Mentorship & Tier-1 Competitive Placement,Exemplary academic and placement standing across all core performance dimensions.,"Serve as a peer mentor in junior study circles, lead a team in national hackathons (e.g. Smart India Hackathon), and prepare for dream company off-campus hiring drives."
STU1101,Raghav Reddy,Excellence & Leadership,Low,student_success_score,92.9/100,Mentorship & Tier-1 Competitive Placement,Exemplary academic and placement standing across all core performance dimensions.,"Serve as a peer mentor in junior study circles, lead a team in national hackathons (e.g. Smart India Hackathon), and prepare for dream company off-campus hiring drives."
STU1102,Sanjay Kumar,Coding & Algorithms,High,coding_score,68.1/100,>= 75.0/100 (solve 30 medium DSA problems),Technical recruitment screens require strong data structures and algorithmic implementation speed.,"Practice 1-2 coding problems daily on LeetCode/HackerRank focusing on Arrays, Strings, Hashing, and Binary Search. Participate in weekly campus coding contests."
STU1103,Dev Pillai,Coding & Algorithms,High,coding_score,65.2/100,>= 75.0/100 (solve 30 medium DSA problems),Technical recruitment screens require strong data structures and algorithmic implementation speed.,"Practice 1-2 coding problems daily on LeetCode/HackerRank focusing on Arrays, Strings, Hashing, and Binary Search. Participate in weekly campus coding contests."
STU1103,Dev Pillai,Attendance Buffer,Medium,overall_attendance_percentage,79.80%,>= 85.00%,"Attendance is marginally above the 75% cutoff, leaving little margin for unforeseen illness or emergencies.",Avoid non-essential leaves and build an attendance buffer above 85%.
STU1103,Dev Pillai,Interview Preparation,Medium,mock_interview_score,65.2/100,>= 75.0/100 in Next Mock Round,Mock interview feedback indicates need for sharper communication and project articulation.,"Practice explaining your major projects using the STAR method (Situation, Task, Action, Result). Conduct peer mock interviews twice a week."
STU1104,Akhil Chopra,Excellence & Leadership,Low,student_success_score,75.1/100,Mentorship & Tier-1 Competitive Placement,Exemplary academic and placement standing across all core performance dimensions.,"Serve as a peer mentor in junior study circles, lead a team in national hackathons (e.g. Smart India Hackathon), and prepare for dream company off-campus hiring drives."
STU1105,Rohan Chopra,Attendance Recovery,Critical,overall_attendance_percentage,52.38% (110/210 classes),>= 75.00% (attend next 190 consecutive classes without absence),Current attendance is below the mandatory 75% institutional requirement. 4 subject(s) are at risk of exam debarment.,Maintain 100% attendance over the next 190 scheduled lectures. Submit medical or leave certificates for excused prior absences to academic dean.
STU1105,Rohan Chopra,LMS Coursework,Critical,assignment_completion_percentage,33.33% (4/12 completed),>= 85.00% (submit remaining 8 assignments),8 unsubmitted assignments are negatively impacting your internal assessment scores.,"Access the LMS portal, complete overdue assignments during faculty review hours, and set weekly calendar reminders for submission deadlines."
STU1105,Rohan Chopra,Coding & Algorithms,Critical,coding_score,36.5/100,>= 75.0/100 (solve 30 medium DSA problems),Technical recruitment screens require strong data structures and algorithmic implementation speed.,"Practice 1-2 coding problems daily on LeetCode/HackerRank focusing on Arrays, Strings, Hashing, and Binary Search. Participate in weekly campus coding contests."
STU1105,Rohan Chopra,Academic Clearance,High,backlogs,1 active backlog(s),0 active backlogs (clear in upcoming remedial exams),Active backlogs (1) restrict company placement eligibility and degree progression.,"Enroll in university remedial coaching for uncleared subjects, meet faculty advisors weekly, and allocate 6 dedicated hours per week to backlog coursework."
STU1105,Rohan Chopra,Aptitude & Reasoning,High,aptitude_score,42.2/100,>= 75.0/100,Campus placement round 1 relies on strict quantitative and logical aptitude cutoffs.,"Complete daily 20-minute timed speed math and logical reasoning quizzes on the campus placement portal. Review high-frequency topics: Percentages, Profit & Loss, Ratios, and Syllogisms."
STU1105,Rohan Chopra,Interview Preparation,High,mock_interview_score,43.8/100,>= 75.0/100 in Next Mock Round,Mock interview feedback indicates need for sharper communication and project articulation.,"Practice explaining your major projects using the STAR method (Situation, Task, Action, Result). Conduct peer mock interviews twice a week."
STU1105,Rohan Chopra,Soft Skills & Communication,Medium,soft_skill_score,38.3/100,>= 75.0/100,Interpersonal and presentation skill scores require enhancement for corporate HR rounds.,Join the campus Toastmasters / Debate Club and participate in group discussions during weekly communication labs.
STU1105,Rohan Chopra,Campus Engagement,Medium,engagement_score,"0 clubs, 0 hackathons",Join 1 technical club & register for 1 hackathon,Lack of extracurricular and collaborative activities weakens resume differentiation for tier-1 companies.,Register for the upcoming internal Smart Campus Hackathon and sign up for a department technical club.
STU1106,Rishi Sharma,Placement Assessment Scheduling,High,mock_interview_score,Pending Evaluation,Complete 1 Diagnostic Mock Interview,You have not yet attended your scheduled diagnostic mock interview with placement mentors.,"Book an interview slot with the career cell this week to receive baseline feedback on resume presentation, communication, and system design."
STU1106,Rishi Sharma,Attendance Buffer,Medium,overall_attendance_percentage,78.92%,>= 85.00%,"Attendance is marginally above the 75% cutoff, leaving little margin for unforeseen illness or emergencies.",Avoid non-essential leaves and build an attendance buffer above 85%.
STU1107,Divya Das,Coding & Algorithms,High,coding_score,66.0/100,>= 75.0/100 (solve 30 medium DSA problems),Technical recruitment screens require strong data structures and algorithmic implementation speed.,"Practice 1-2 coding problems daily on LeetCode/HackerRank focusing on Arrays, Strings, Hashing, and Binary Search. Participate in weekly campus coding contests."
STU1108,Deepa Kumar,Academic Clearance,Critical,backlogs,2 active backlog(s),0 active backlogs (clear in upcoming remedial exams),Active backlogs (2) restrict company placement eligibility and degree progression.,"Enroll in university remedial coaching for uncleared subjects, meet faculty advisors weekly, and allocate 6 dedicated hours per week to backlog coursework."
STU1108,Deepa Kumar,Attendance Recovery,High,overall_attendance_percentage,69.52% (146/210 classes),>= 75.00% (attend next 46 consecutive classes without absence),Current attendance is below the mandatory 75% institutional requirement. 4 subject(s) are at risk of exam debarment.,Maintain 100% attendance over the next 46 scheduled lectures. Submit medical or leave certificates for excused prior absences to academic dean.
STU1108,Deepa Kumar,LMS Coursework,High,assignment_completion_percentage,58.33% (7/12 completed),>= 85.00% (submit remaining 5 assignments),5 unsubmitted assignments are negatively impacting your internal assessment scores.,"Access the LMS portal, complete overdue assignments during faculty review hours, and set weekly calendar reminders for submission deadlines."
STU1108,Deepa Kumar,Coding & Algorithms,High,coding_score,55.1/100,>= 75.0/100 (solve 30 medium DSA problems),Technical recruitment screens require strong data structures and algorithmic implementation speed.,"Practice 1-2 coding problems daily on LeetCode/HackerRank focusing on Arrays, Strings, Hashing, and Binary Search. Participate in weekly campus coding contests."
STU1108,Deepa Kumar,Aptitude & Reasoning,Medium,aptitude_score,62.8/100,>= 75.0/100,Campus placement round 1 relies on strict quantitative and logical aptitude cutoffs.,"Complete daily 20-minute timed speed math and logical reasoning quizzes on the campus placement portal. Review high-frequency topics: Percentages, Profit & Loss, Ratios, and Syllogisms."
STU1108,Deepa Kumar,Interview Preparation,Medium,mock_interview_score,59.5/100,>= 75.0/100 in Next Mock Round,Mock interview feedback indicates need for sharper communication and project articulation.,"Practice explaining your major projects using the STAR method (Situation, Task, Action, Result). Conduct peer mock interviews twice a week."
STU1108,Deepa Kumar,Soft Skills & Communication,Medium,soft_skill_score,53.2/100,>= 75.0/100,Interpersonal and presentation skill scores require enhancement for corporate HR rounds.,Join the campus Toastmasters / Debate Club and participate in group discussions during weekly communication labs.
STU1108,Deepa Kumar,Campus Engagement,Medium,engagement_score,"0 clubs, 0 hackathons",Join 1 technical club & register for 1 hackathon,Lack of extracurricular and collaborative activities weakens resume differentiation for tier-1 companies.,Register for the upcoming internal Smart Campus Hackathon and sign up for a department technical club.
STU1109,Dev Balakrishnan,Excellence & Leadership,Low,student_success_score,74.1/100,Mentorship & Tier-1 Competitive Placement,Exemplary academic and placement standing across all core performance dimensions.,"Serve as a peer mentor in junior study circles, lead a team in national hackathons (e.g. Smart India Hackathon), and prepare for dream company off-campus hiring drives."
STU1110,Arjun Gowda,Excellence & Leadership,Low,student_success_score,92.0/100,Mentorship & Tier-1 Competitive Placement,Exemplary academic and placement standing across all core performance dimensions.,"Serve as a peer mentor in junior study circles, lead a team in national hackathons (e.g. Smart India Hackathon), and prepare for dream company off-campus hiring drives."
STU1111,Aditya Patel,Attendance Buffer,Medium,overall_attendance_percentage,75.76%,>= 85.00%,"Attendance is marginally above the 75% cutoff, leaving little margin for unforeseen illness or emergencies.",Avoid non-essential leaves and build an attendance buffer above 85%.
STU1111,Aditya Patel,Interview Preparation,Medium,mock_interview_score,69.3/100,>= 75.0/100 in Next Mock Round,Mock interview feedback indicates need for sharper communication and project articulation.,"Practice explaining your major projects using the STAR method (Situation, Task, Action, Result). Conduct peer mock interviews twice a week."
STU1111,Aditya Patel,Excellence & Leadership,Low,student_success_score,74.8/100,Mentorship & Tier-1 Competitive Placement,Exemplary academic and placement standing across all core performance dimensions.,"Serve as a peer mentor in junior study circles, lead a team in national hackathons (e.g. Smart India Hackathon), and prepare for dream company off-campus hiring drives."
STU1112,Sahil Singh,Excellence & Leadership,Low,student_success_score,90.7/100,Mentorship & Tier-1 Competitive Placement,Exemplary academic and placement standing across all core performance dimensions.,"Serve as a peer mentor in junior study circles, lead a team in national hackathons (e.g. Smart India Hackathon), and prepare for dream company off-campus hiring drives."
STU1113,Vignesh Rao,Attendance Recovery,Critical,overall_attendance_percentage,55.88% (114/204 classes),>= 75.00% (attend next 156 consecutive classes without absence),Current attendance is below the mandatory 75% institutional requirement. 4 subject(s) are at risk of exam debarment.,Maintain 100% attendance over the next 156 scheduled lectures. Submit medical or leave certificates for excused prior absences to academic dean.
STU1113,Vignesh Rao,LMS Coursework,Critical,assignment_completion_percentage,25.00% (3/12 completed),>= 85.00% (submit remaining 9 assignments),9 unsubmitted assignments are negatively impacting your internal assessment scores.,"Access the LMS portal, complete overdue assignments during faculty review hours, and set weekly calendar reminders for submission deadlines."
STU1113,Vignesh Rao,Coding & Algorithms,Critical,coding_score,34.8/100,>= 75.0/100 (solve 30 medium DSA problems),Technical recruitment screens require strong data structures and algorithmic implementation speed.,"Practice 1-2 coding problems daily on LeetCode/HackerRank focusing on Arrays, Strings, Hashing, and Binary Search. Participate in weekly campus coding contests."
STU1113,Vignesh Rao,Academic Clearance,High,backlogs,1 active backlog(s),0 active backlogs (clear in upcoming remedial exams),Active backlogs (1) restrict company placement eligibility and degree progression.,"Enroll in university remedial coaching for uncleared subjects, meet faculty advisors weekly, and allocate 6 dedicated hours per week to backlog coursework."
STU1113,Vignesh Rao,Aptitude & Reasoning,High,aptitude_score,39.2/100,>= 75.0/100,Campus placement round 1 relies on strict quantitative and logical aptitude cutoffs.,"Complete daily 20-minute timed speed math and logical reasoning quizzes on the campus placement portal. Review high-frequency topics: Percentages, Profit & Loss, Ratios, and Syllogisms."
STU1113,Vignesh Rao,Interview Preparation,High,mock_interview_score,35.7/100,>= 75.0/100 in Next Mock Round,Mock interview feedback indicates need for sharper communication and project articulation.,"Practice explaining your major projects using the STAR method (Situation, Task, Action, Result). Conduct peer mock interviews twice a week."
STU1113,Vignesh Rao,Soft Skills & Communication,Medium,soft_skill_score,39.6/100,>= 75.0/100,Interpersonal and presentation skill scores require enhancement for corporate HR rounds.,Join the campus Toastmasters / Debate Club and participate in group discussions during weekly communication labs.
STU1113,Vignesh Rao,Campus Engagement,Medium,engagement_score,"0 clubs, 0 hackathons",Join 1 technical club & register for 1 hackathon,Lack of extracurricular and collaborative activities weakens resume differentiation for tier-1 companies.,Register for the upcoming internal Smart Campus Hackathon and sign up for a department technical club.
STU1114,Kiran Rajan,Coding & Algorithms,Critical,coding_score,48.0/100,>= 75.0/100 (solve 30 medium DSA problems),Technical recruitment screens require strong data structures and algorithmic implementation speed.,"Practice 1-2 coding problems daily on LeetCode/HackerRank focusing on Arrays, Strings, Hashing, and Binary Search. Participate in weekly campus coding contests."
STU1114,Kiran Rajan,LMS Coursework,High,assignment_completion_percentage,50.00% (6/12 completed),>= 85.00% (submit remaining 6 assignments),6 unsubmitted assignments are negatively impacting your internal assessment scores.,"Access the LMS portal, complete overdue assignments during faculty review hours, and set weekly calendar reminders for submission deadlines."
STU1114,Kiran Rajan,Aptitude & Reasoning,High,aptitude_score,54.2/100,>= 75.0/100,Campus placement round 1 relies on strict quantitative and logical aptitude cutoffs.,"Complete daily 20-minute timed speed math and logical reasoning quizzes on the campus placement portal. Review high-frequency topics: Percentages, Profit & Loss, Ratios, and Syllogisms."
STU1114,Kiran Rajan,Interview Preparation,High,mock_interview_score,52.8/100,>= 75.0/100 in Next Mock Round,Mock interview feedback indicates need for sharper communication and project articulation.,"Practice explaining your major projects using the STAR method (Situation, Task, Action, Result). Conduct peer mock interviews twice a week."
STU1114,Kiran Rajan,Attendance Buffer,Medium,overall_attendance_percentage,78.50%,>= 85.00%,"Attendance is marginally above the 75% cutoff, leaving little margin for unforeseen illness or emergencies.",Avoid non-essential leaves and build an attendance buffer above 85%.
STU1114,Kiran Rajan,Soft Skills & Communication,Medium,soft_skill_score,58.7/100,>= 75.0/100,Interpersonal and presentation skill scores require enhancement for corporate HR rounds.,Join the campus Toastmasters / Debate Club and participate in group discussions during weekly communication labs.
STU1115,Uma Kumar,Attendance Buffer,Medium,overall_attendance_percentage,77.50%,>= 85.00%,"Attendance is marginally above the 75% cutoff, leaving little margin for unforeseen illness or emergencies.",Avoid non-essential leaves and build an attendance buffer above 85%.
STU1115,Uma Kumar,Excellence & Leadership,Low,student_success_score,77.0/100,Mentorship & Tier-1 Competitive Placement,Exemplary academic and placement standing across all core performance dimensions.,"Serve as a peer mentor in junior study circles, lead a team in national hackathons (e.g. Smart India Hackathon), and prepare for dream company off-campus hiring drives."
STU1116,Uma Narayanan,Attendance Recovery,Critical,overall_attendance_percentage,63.50% (127/200 classes),>= 75.00% (attend next 92 consecutive classes without absence),Current attendance is below the mandatory 75% institutional requirement. 4 subject(s) are at risk of exam debarment.,Maintain 100% attendance over the next 92 scheduled lectures. Submit medical or leave certificates for excused prior absences to academic dean.
STU1116,Uma Narayanan,LMS Coursework,Critical,assignment_completion_percentage,25.00% (3/12 completed),>= 85.00% (submit remaining 9 assignments),9 unsubmitted assignments are negatively impacting your internal assessment scores.,"Access the LMS portal, complete overdue assignments during faculty review hours, and set weekly calendar reminders for submission deadlines."
STU1116,Uma Narayanan,Coding & Algorithms,Critical,coding_score,31.1/100,>= 75.0/100 (solve 30 medium DSA problems),Technical recruitment screens require strong data structures and algorithmic implementation speed.,"Practice 1-2 coding problems daily on LeetCode/HackerRank focusing on Arrays, Strings, Hashing, and Binary Search. Participate in weekly campus coding contests."
STU1116,Uma Narayanan,Academic Clearance,High,backlogs,1 active backlog(s),0 active backlogs (clear in upcoming remedial exams),Active backlogs (1) restrict company placement eligibility and degree progression.,"Enroll in university remedial coaching for uncleared subjects, meet faculty advisors weekly, and allocate 6 dedicated hours per week to backlog coursework."
STU1116,Uma Narayanan,Aptitude & Reasoning,High,aptitude_score,36.5/100,>= 75.0/100,Campus placement round 1 relies on strict quantitative and logical aptitude cutoffs.,"Complete daily 20-minute timed speed math and logical reasoning quizzes on the campus placement portal. Review high-frequency topics: Percentages, Profit & Loss, Ratios, and Syllogisms."
STU1116,Uma Narayanan,Interview Preparation,High,mock_interview_score,40.3/100,>= 75.0/100 in Next Mock Round,Mock interview feedback indicates need for sharper communication and project articulation.,"Practice explaining your major projects using the STAR method (Situation, Task, Action, Result). Conduct peer mock interviews twice a week."
STU1116,Uma Narayanan,Soft Skills & Communication,Medium,soft_skill_score,45.3/100,>= 75.0/100,Interpersonal and presentation skill scores require enhancement for corporate HR rounds.,Join the campus Toastmasters / Debate Club and participate in group discussions during weekly communication labs.
STU1116,Uma Narayanan,Campus Engagement,Medium,engagement_score,"0 clubs, 0 hackathons",Join 1 technical club & register for 1 hackathon,Lack of extracurricular and collaborative activities weakens resume differentiation for tier-1 companies.,Register for the upcoming internal Smart Campus Hackathon and sign up for a department technical club.
STU1117,Jagan Rao,Coding & Algorithms,Critical,coding_score,48.6/100,>= 75.0/100 (solve 30 medium DSA problems),Technical recruitment screens require strong data structures and algorithmic implementation speed.,"Practice 1-2 coding problems daily on LeetCode/HackerRank focusing on Arrays, Strings, Hashing, and Binary Search. Participate in weekly campus coding contests."
STU1117,Jagan Rao,Attendance Recovery,High,overall_attendance_percentage,68.22% (146/214 classes),>= 75.00% (attend next 58 consecutive classes without absence),Current attendance is below the mandatory 75% institutional requirement. 4 subject(s) are at risk of exam debarment.,Maintain 100% attendance over the next 58 scheduled lectures. Submit medical or leave certificates for excused prior absences to academic dean.
STU1117,Jagan Rao,LMS Coursework,High,assignment_completion_percentage,66.67% (8/12 completed),>= 85.00% (submit remaining 4 assignments),4 unsubmitted assignments are negatively impacting your internal assessment scores.,"Access the LMS portal, complete overdue assignments during faculty review hours, and set weekly calendar reminders for submission deadlines."
STU1117,Jagan Rao,Aptitude & Reasoning,Medium,aptitude_score,64.6/100,>= 75.0/100,Campus placement round 1 relies on strict quantitative and logical aptitude cutoffs.,"Complete daily 20-minute timed speed math and logical reasoning quizzes on the campus placement portal. Review high-frequency topics: Percentages, Profit & Loss, Ratios, and Syllogisms."
STU1117,Jagan Rao,Interview Preparation,Medium,mock_interview_score,62.6/100,>= 75.0/100 in Next Mock Round,Mock interview feedback indicates need for sharper communication and project articulation.,"Practice explaining your major projects using the STAR method (Situation, Task, Action, Result). Conduct peer mock interviews twice a week."
STU1117,Jagan Rao,Campus Engagement,Medium,engagement_score,"0 clubs, 0 hackathons",Join 1 technical club & register for 1 hackathon,Lack of extracurricular and collaborative activities weakens resume differentiation for tier-1 companies.,Register for the upcoming internal Smart Campus Hackathon and sign up for a department technical club.
STU1118,Ishaan Reddy,Excellence & Leadership,Low,student_success_score,91.9/100,Mentorship & Tier-1 Competitive Placement,Exemplary academic and placement standing across all core performance dimensions.,"Serve as a peer mentor in junior study circles, lead a team in national hackathons (e.g. Smart India Hackathon), and prepare for dream company off-campus hiring drives."
STU1119,Nandita Gupta,Academic Clearance,Critical,backlogs,2 active backlog(s),0 active backlogs (clear in upcoming remedial exams),Active backlogs (2) restrict company placement eligibility and degree progression.,"Enroll in university remedial coaching for uncleared subjects, meet faculty advisors weekly, and allocate 6 dedicated hours per week to backlog coursework."
STU1119,Nandita Gupta,Attendance Recovery,Critical,overall_attendance_percentage,53.43% (109/204 classes),>= 75.00% (attend next 176 consecutive classes without absence),Current attendance is below the mandatory 75% institutional requirement. 4 subject(s) are at risk of exam debarment.,Maintain 100% attendance over the next 176 scheduled lectures. Submit medical or leave certificates for excused prior absences to academic dean.
STU1119,Nandita Gupta,Coding & Algorithms,Critical,coding_score,44.6/100,>= 75.0/100 (solve 30 medium DSA problems),Technical recruitment screens require strong data structures and algorithmic implementation speed.,"Practice 1-2 coding problems daily on LeetCode/HackerRank focusing on Arrays, Strings, Hashing, and Binary Search. Participate in weekly campus coding contests."
STU1119,Nandita Gupta,LMS Coursework,High,assignment_completion_percentage,50.00% (6/12 completed),>= 85.00% (submit remaining 6 assignments),6 unsubmitted assignments are negatively impacting your internal assessment scores.,"Access the LMS portal, complete overdue assignments during faculty review hours, and set weekly calendar reminders for submission deadlines."
STU1119,Nandita Gupta,Aptitude & Reasoning,High,aptitude_score,35.9/100,>= 75.0/100,Campus placement round 1 relies on strict quantitative and logical aptitude cutoffs.,"Complete daily 20-minute timed speed math and logical reasoning quizzes on the campus placement portal. Review high-frequency topics: Percentages, Profit & Loss, Ratios, and Syllogisms."
STU1119,Nandita Gupta,Interview Preparation,High,mock_interview_score,46.2/100,>= 75.0/100 in Next Mock Round,Mock interview feedback indicates need for sharper communication and project articulation.,"Practice explaining your major projects using the STAR method (Situation, Task, Action, Result). Conduct peer mock interviews twice a week."
STU1119,Nandita Gupta,Soft Skills & Communication,Medium,soft_skill_score,41.3/100,>= 75.0/100,Interpersonal and presentation skill scores require enhancement for corporate HR rounds.,Join the campus Toastmasters / Debate Club and participate in group discussions during weekly communication labs.
STU1119,Nandita Gupta,Campus Engagement,Medium,engagement_score,"0 clubs, 0 hackathons",Join 1 technical club & register for 1 hackathon,Lack of extracurricular and collaborative activities weakens resume differentiation for tier-1 companies.,Register for the upcoming internal Smart Campus Hackathon and sign up for a department technical club.
STU1120,Manish Joshi,Attendance Recovery,High,overall_attendance_percentage,73.50% (147/200 classes),>= 75.00% (attend next 12 consecutive classes without absence),Current attendance is below the mandatory 75% institutional requirement. 2 subject(s) are at risk of exam debarment.,Maintain 100% attendance over the next 12 scheduled lectures. Submit medical or leave certificates for excused prior absences to academic dean.
